2026-04-27 20:20:47.701 | INFO     | utils.logger:setup_logger:31 - Logger initialised (level=INFO)
2026-04-27 20:20:47.701 | INFO     | __main__:_main:98 - MSInsight MCP Bridge starting — backend=ws://localhost:9000/ transport=stdio
2026-04-27 20:20:47.703 | INFO     | internal.profiler_server:start_profiler_server_if_needed:18 - Attempting to auto-start C++ backend from: C:\Program Files (x86)\MindStudio Insight\resources\profiler\server\profiler_server.exe
2026-04-27 20:20:47.706 | INFO     | internal.profiler_server:start_profiler_server_if_needed:49 - C++ backend process started with PID: 33084
2026-04-27 20:20:48.712 | INFO     | cpp_client:_do_connect:90 - Connecting to C++ backend at ws://localhost:9000/
2026-04-27 20:20:50.763 | INFO     | cpp_client:_do_connect:103 - Connected to C++ backend
2026-04-27 20:20:50.764 | INFO     | mcp_server:run_stdio:229 - Starting MCP server — transport: stdio
2026-04-27 20:20:58.626 | INFO     | __main__:_main:175 - Shutting down C++ backend connection …
2026-04-27 20:20:58.676 | INFO     | cpp_client:close:206 - Disconnected from C++ backend
2026-04-27 20:20:58.676 | INFO     | __main__:_main:177 - MSInsight MCP Bridge stopped.
2026-04-27 20:20:58.678 | INFO     | internal.profiler_server:cleanup_profiler_server:72 - Killing auto-started C++ backend process (PID 33084)
2026-04-28 09:29:46.018 | INFO     | utils.logger:setup_logger:31 - Logger initialised (level=INFO)
2026-04-28 09:29:46.018 | INFO     | __main__:_main:98 - MSInsight MCP Bridge starting — backend=ws://localhost:9000/ transport=stdio
2026-04-28 09:29:46.018 | INFO     | cpp_client:_do_connect:90 - Connecting to C++ backend at ws://localhost:9000/
2026-04-28 09:29:56.049 | ERROR    | __main__:_main:114 - Failed to connect to C++ backend: Could not connect to C++ backend at ws://localhost:9000/: timed out during opening handshake
2026-04-28 09:29:56.051 | WARNING  | __main__:_main:115 - Proceeding without a live backend connection. Tools will return errors until the backend becomes available.
2026-04-28 09:29:56.051 | INFO     | mcp_server:run_stdio:229 - Starting MCP server — transport: stdio
2026-04-28 09:31:19.579 | INFO     | utils.logger:setup_logger:31 - Logger initialised (level=INFO)
2026-04-28 09:31:19.579 | INFO     | __main__:_main:98 - MSInsight MCP Bridge starting — backend=ws://localhost:9000/ transport=stdio
2026-04-28 09:31:19.581 | INFO     | cpp_client:_do_connect:90 - Connecting to C++ backend at ws://localhost:9000/
2026-04-28 09:31:21.592 | ERROR    | __main__:_main:117 - Failed to connect to C++ backend: 
2026-04-28 09:31:21.594 | WARNING  | __main__:_main:118 - Proceeding without a live backend connection. Tools will return errors until the backend becomes available.
2026-04-28 09:31:21.594 | INFO     | mcp_server:run_stdio:229 - Starting MCP server — transport: stdio
2026-04-28 09:41:17.642 | INFO     | utils.logger:setup_logger:31 - Logger initialised (level=INFO)
2026-04-28 09:41:17.642 | INFO     | __main__:_main:98 - MSInsight MCP Bridge starting — backend=ws://localhost:9000/ transport=stdio
2026-04-28 09:41:17.642 | INFO     | internal.profiler_server:start_profiler_server_if_needed:18 - Attempting to auto-start C++ backend from: C:\Program Files (x86)\MindStudio Insight\resources\profiler\server\profiler_server.exe
2026-04-28 09:41:17.645 | INFO     | internal.profiler_server:start_profiler_server_if_needed:49 - C++ backend process started with PID: 30020
2026-04-28 09:41:18.649 | INFO     | cpp_client:_do_connect:90 - Connecting to C++ backend at ws://localhost:9000/
2026-04-28 09:41:20.668 | ERROR    | __main__:_main:117 - Failed to connect to C++ backend: 
2026-04-28 09:41:20.668 | WARNING  | __main__:_main:118 - Proceeding without a live backend connection. Tools will return errors until the backend becomes available.
2026-04-28 09:41:20.670 | INFO     | mcp_server:run_stdio:229 - Starting MCP server — transport: stdio
2026-04-28 09:41:23.025 | INFO     | __main__:_main:178 - Shutting down C++ backend connection …
2026-04-28 09:41:23.025 | INFO     | cpp_client:close:206 - Disconnected from C++ backend
2026-04-28 09:41:23.027 | INFO     | __main__:_main:180 - MSInsight MCP Bridge stopped.
2026-04-28 09:41:23.028 | INFO     | internal.profiler_server:cleanup_profiler_server:72 - Killing auto-started C++ backend process (PID 30020)
2026-04-28 09:41:34.998 | INFO     | utils.logger:setup_logger:31 - Logger initialised (level=INFO)
2026-04-28 09:41:34.998 | INFO     | __main__:_main:98 - MSInsight MCP Bridge starting — backend=ws://localhost:9000/ transport=stdio
2026-04-28 09:41:34.998 | INFO     | internal.profiler_server:start_profiler_server_if_needed:18 - Attempting to auto-start C++ backend from: C:\Program Files (x86)\MindStudio Insight\resources\profiler\server\profiler_server.exe
2026-04-28 09:41:35.001 | INFO     | internal.profiler_server:start_profiler_server_if_needed:49 - C++ backend process started with PID: 9648
2026-04-28 09:41:36.009 | INFO     | cpp_client:_do_connect:90 - Connecting to C++ backend at ws://localhost:9000/
2026-04-28 09:41:38.025 | ERROR    | __main__:_main:117 - Failed to connect to C++ backend: 
2026-04-28 09:41:38.027 | WARNING  | __main__:_main:118 - Proceeding without a live backend connection. Tools will return errors until the backend becomes available.
2026-04-28 09:41:38.027 | INFO     | mcp_server:run_stdio:229 - Starting MCP server — transport: stdio
2026-04-28 09:41:38.947 | INFO     | __main__:_main:178 - Shutting down C++ backend connection …
2026-04-28 09:41:38.949 | INFO     | cpp_client:close:206 - Disconnected from C++ backend
2026-04-28 09:41:38.951 | INFO     | __main__:_main:180 - MSInsight MCP Bridge stopped.
2026-04-28 09:41:38.952 | INFO     | internal.profiler_server:cleanup_profiler_server:72 - Killing auto-started C++ backend process (PID 9648)
2026-04-28 09:44:33.036 | INFO     | utils.logger:setup_logger:31 - Logger initialised (level=INFO)
2026-04-28 09:44:33.036 | INFO     | __main__:_main:98 - MSInsight MCP Bridge starting — backend=ws://localhost:9000/ transport=stdio
2026-04-28 09:44:33.036 | INFO     | internal.profiler_server:start_profiler_server_if_needed:18 - Attempting to auto-start C++ backend from: C:\Program Files (x86)\MindStudio Insight\resources\profiler\server\profiler_server.exe
2026-04-28 09:44:33.039 | INFO     | internal.profiler_server:start_profiler_server_if_needed:49 - C++ backend process started with PID: 37560
2026-04-28 09:44:34.048 | INFO     | cpp_client:_do_connect:90 - Connecting to C++ backend at ws://localhost:9000/
2026-04-28 09:44:36.065 | ERROR    | __main__:_main:117 - Failed to connect to C++ backend: 
2026-04-28 09:44:36.065 | WARNING  | __main__:_main:118 - Proceeding without a live backend connection. Tools will return errors until the backend becomes available.
2026-04-28 09:44:36.065 | INFO     | mcp_server:run_stdio:229 - Starting MCP server — transport: stdio
2026-04-28 09:44:38.478 | INFO     | __main__:_main:178 - Shutting down C++ backend connection …
2026-04-28 09:44:38.478 | INFO     | cpp_client:close:206 - Disconnected from C++ backend
2026-04-28 09:44:38.480 | INFO     | __main__:_main:180 - MSInsight MCP Bridge stopped.
2026-04-28 09:44:38.483 | INFO     | internal.profiler_server:cleanup_profiler_server:72 - Killing auto-started C++ backend process (PID 37560)
2026-04-28 09:45:58.288 | INFO     | utils.logger:setup_logger:31 - Logger initialised (level=INFO)
2026-04-28 09:45:58.288 | INFO     | __main__:_main:98 - MSInsight MCP Bridge starting — backend=ws://localhost:9000/ transport=stdio
2026-04-28 09:45:58.288 | INFO     | internal.profiler_server:start_profiler_server_if_needed:18 - Attempting to auto-start C++ backend from: C:\Program Files (x86)\MindStudio Insight\resources\profiler\server\profiler_server.exe
2026-04-28 09:45:58.292 | INFO     | internal.profiler_server:start_profiler_server_if_needed:49 - C++ backend process started with PID: 32640
2026-04-28 09:45:59.301 | INFO     | cpp_client:_do_connect:90 - Connecting to C++ backend at ws://localhost:9000/
2026-04-28 09:46:01.303 | ERROR    | __main__:_main:117 - Failed to connect to C++ backend: 
2026-04-28 09:46:01.303 | WARNING  | __main__:_main:118 - Proceeding without a live backend connection. Tools will return errors until the backend becomes available.
2026-04-28 09:46:01.305 | INFO     | mcp_server:run_stdio:229 - Starting MCP server — transport: stdio
2026-04-28 09:46:02.244 | INFO     | __main__:_main:178 - Shutting down C++ backend connection …
2026-04-28 09:46:02.245 | INFO     | cpp_client:close:206 - Disconnected from C++ backend
2026-04-28 09:46:02.245 | INFO     | __main__:_main:180 - MSInsight MCP Bridge stopped.
2026-04-28 09:46:02.248 | INFO     | internal.profiler_server:cleanup_profiler_server:72 - Killing auto-started C++ backend process (PID 32640)
2026-04-28 09:46:06.339 | INFO     | utils.logger:setup_logger:31 - Logger initialised (level=INFO)
2026-04-28 09:46:06.340 | INFO     | __main__:_main:98 - MSInsight MCP Bridge starting — backend=ws://localhost:9000/ transport=stdio
2026-04-28 09:46:06.340 | INFO     | internal.profiler_server:start_profiler_server_if_needed:18 - Attempting to auto-start C++ backend from: C:\Program Files (x86)\MindStudio Insight\resources\profiler\server\profiler_server.exe
2026-04-28 09:46:06.343 | INFO     | internal.profiler_server:start_profiler_server_if_needed:49 - C++ backend process started with PID: 3504
2026-04-28 09:46:07.348 | INFO     | cpp_client:_do_connect:90 - Connecting to C++ backend at ws://localhost:9000/
2026-04-28 09:46:09.358 | ERROR    | __main__:_main:117 - Failed to connect to C++ backend: 
2026-04-28 09:46:09.358 | WARNING  | __main__:_main:118 - Proceeding without a live backend connection. Tools will return errors until the backend becomes available.
2026-04-28 09:46:09.358 | INFO     | mcp_server:run_stdio:229 - Starting MCP server — transport: stdio
2026-04-28 09:46:20.966 | INFO     | __main__:_main:178 - Shutting down C++ backend connection …
2026-04-28 09:46:20.966 | INFO     | cpp_client:close:206 - Disconnected from C++ backend
2026-04-28 09:46:20.966 | INFO     | __main__:_main:180 - MSInsight MCP Bridge stopped.
2026-04-28 09:46:20.968 | INFO     | internal.profiler_server:cleanup_profiler_server:72 - Killing auto-started C++ backend process (PID 3504)
2026-04-28 09:49:49.720 | INFO     | utils.logger:setup_logger:31 - Logger initialised (level=INFO)
2026-04-28 09:49:49.720 | INFO     | __main__:_main:98 - MSInsight MCP Bridge starting — backend=ws://localhost:9000/ transport=stdio
2026-04-28 09:49:49.722 | INFO     | internal.profiler_server:start_profiler_server_if_needed:18 - Attempting to auto-start C++ backend from: C:\Program Files (x86)\MindStudio Insight\resources\profiler\server\profiler_server.exe
2026-04-28 09:49:49.725 | INFO     | internal.profiler_server:start_profiler_server_if_needed:49 - C++ backend process started with PID: 7032
2026-04-28 09:49:50.730 | INFO     | cpp_client:_do_connect:90 - Connecting to C++ backend at ws://localhost:9000/
2026-04-28 09:49:52.737 | ERROR    | __main__:_main:117 - Failed to connect to C++ backend: 
2026-04-28 09:49:52.737 | WARNING  | __main__:_main:118 - Proceeding without a live backend connection. Tools will return errors until the backend becomes available.
2026-04-28 09:49:52.737 | INFO     | mcp_server:run_stdio:229 - Starting MCP server — transport: stdio
2026-04-28 09:50:58.798 | INFO     | __main__:_main:178 - Shutting down C++ backend connection …
2026-04-28 09:50:58.798 | INFO     | cpp_client:close:206 - Disconnected from C++ backend
2026-04-28 09:50:58.798 | INFO     | __main__:_main:180 - MSInsight MCP Bridge stopped.
2026-04-28 09:50:58.799 | INFO     | internal.profiler_server:cleanup_profiler_server:72 - Killing auto-started C++ backend process (PID 7032)
2026-04-28 09:52:04.704 | INFO     | utils.logger:setup_logger:31 - Logger initialised (level=INFO)
2026-04-28 09:52:04.704 | INFO     | __main__:_main:98 - MSInsight MCP Bridge starting — backend=ws://localhost:9000/ transport=stdio
2026-04-28 09:52:04.705 | INFO     | internal.profiler_server:start_profiler_server_if_needed:18 - Attempting to auto-start C++ backend from: C:\Program Files (x86)\MindStudio Insight\resources\profiler\server\profiler_server.exe
2026-04-28 09:52:04.708 | INFO     | internal.profiler_server:start_profiler_server_if_needed:49 - C++ backend process started with PID: 36904
2026-04-28 09:52:05.709 | INFO     | cpp_client:_do_connect:94 - Connecting to C++ backend at ws://localhost:9000/
2026-04-28 09:52:07.753 | INFO     | cpp_client:_do_connect:111 - Connected to C++ backend
2026-04-28 09:52:07.755 | INFO     | mcp_server:run_stdio:229 - Starting MCP server — transport: stdio
2026-04-28 09:53:09.812 | INFO     | utils.logger:setup_logger:31 - Logger initialised (level=INFO)
2026-04-28 09:53:09.814 | INFO     | __main__:_main:98 - MSInsight MCP Bridge starting — backend=ws://localhost:9000/ transport=stdio
2026-04-28 09:53:09.814 | INFO     | internal.profiler_server:start_profiler_server_if_needed:18 - Attempting to auto-start C++ backend from: C:\Program Files (x86)\MindStudio Insight\resources\profiler\server\profiler_server.exe
2026-04-28 09:53:09.818 | INFO     | internal.profiler_server:start_profiler_server_if_needed:49 - C++ backend process started with PID: 37008
2026-04-28 09:53:10.830 | INFO     | cpp_client:_do_connect:94 - Connecting to C++ backend at ws://localhost:9000/
2026-04-28 09:53:12.898 | INFO     | cpp_client:_do_connect:111 - Connected to C++ backend
2026-04-28 09:53:12.899 | WARNING  | cpp_client:_receive_loop:120 - C++ backend connection closed: sent 1002 (protocol error) invalid status code; no close frame received
2026-04-28 09:53:12.899 | INFO     | cpp_client:_reconnect:130 - Reconnecting to C++ backend in 3.0s …
2026-04-28 09:53:12.899 | INFO     | mcp_server:run_stdio:229 - Starting MCP server — transport: stdio
2026-04-28 09:53:15.908 | INFO     | cpp_client:_do_connect:94 - Connecting to C++ backend at ws://localhost:9000/
2026-04-28 09:53:17.950 | INFO     | cpp_client:_do_connect:111 - Connected to C++ backend
2026-04-28 09:53:17.952 | INFO     | cpp_client:_reconnect:136 - Reconnected to C++ backend
2026-04-28 09:53:17.952 | WARNING  | cpp_client:_receive_loop:120 - C++ backend connection closed: sent 1002 (protocol error) invalid status code; no close frame received
2026-04-28 09:53:17.952 | INFO     | cpp_client:_reconnect:130 - Reconnecting to C++ backend in 3.0s …
2026-04-28 09:53:20.954 | INFO     | cpp_client:_do_connect:94 - Connecting to C++ backend at ws://localhost:9000/
2026-04-28 09:53:23.025 | INFO     | cpp_client:_do_connect:111 - Connected to C++ backend
2026-04-28 09:53:23.025 | INFO     | cpp_client:_reconnect:136 - Reconnected to C++ backend
2026-04-28 09:53:23.027 | WARNING  | cpp_client:_receive_loop:120 - C++ backend connection closed: sent 1002 (protocol error) invalid status code; no close frame received
2026-04-28 09:53:23.027 | INFO     | cpp_client:_reconnect:130 - Reconnecting to C++ backend in 3.0s …
2026-04-28 09:53:26.041 | INFO     | cpp_client:_do_connect:94 - Connecting to C++ backend at ws://localhost:9000/
2026-04-28 09:53:27.590 | INFO     | __main__:_main:178 - Shutting down C++ backend connection …
2026-04-28 09:53:27.590 | INFO     | cpp_client:close:214 - Disconnected from C++ backend
2026-04-28 09:53:27.591 | INFO     | __main__:_main:180 - MSInsight MCP Bridge stopped.
2026-04-28 09:53:27.593 | INFO     | internal.profiler_server:cleanup_profiler_server:72 - Killing auto-started C++ backend process (PID 37008)
2026-04-28 09:53:29.928 | WARNING  | cpp_client:_receive_loop:120 - C++ backend connection closed: no close frame received or sent
2026-04-28 09:53:29.928 | INFO     | cpp_client:_reconnect:130 - Reconnecting to C++ backend in 3.0s …
2026-04-28 09:53:32.876 | INFO     | utils.logger:setup_logger:31 - Logger initialised (level=INFO)
2026-04-28 09:53:32.876 | INFO     | __main__:_main:98 - MSInsight MCP Bridge starting — backend=ws://localhost:9000/ transport=stdio
2026-04-28 09:53:32.877 | INFO     | internal.profiler_server:start_profiler_server_if_needed:18 - Attempting to auto-start C++ backend from: C:\Program Files (x86)\MindStudio Insight\resources\profiler\server\profiler_server.exe
2026-04-28 09:53:32.880 | INFO     | internal.profiler_server:start_profiler_server_if_needed:49 - C++ backend process started with PID: 16488
2026-04-28 09:53:32.940 | INFO     | cpp_client:_do_connect:94 - Connecting to C++ backend at ws://localhost:9000/
2026-04-28 09:53:33.889 | INFO     | cpp_client:_do_connect:94 - Connecting to C++ backend at ws://localhost:9000/
2026-04-28 09:53:34.972 | INFO     | cpp_client:_do_connect:111 - Connected to C++ backend
2026-04-28 09:53:34.972 | INFO     | cpp_client:_reconnect:136 - Reconnected to C++ backend
2026-04-28 09:53:35.952 | INFO     | cpp_client:_do_connect:111 - Connected to C++ backend
2026-04-28 09:53:35.952 | WARNING  | cpp_client:_receive_loop:120 - C++ backend connection closed: sent 1002 (protocol error) invalid status code; no close frame received
2026-04-28 09:53:35.953 | INFO     | cpp_client:_reconnect:130 - Reconnecting to C++ backend in 3.0s …
2026-04-28 09:53:35.953 | INFO     | mcp_server:run_stdio:229 - Starting MCP server — transport: stdio
2026-04-28 09:53:38.961 | INFO     | cpp_client:_do_connect:94 - Connecting to C++ backend at ws://localhost:9000/
2026-04-28 09:53:41.018 | INFO     | cpp_client:_do_connect:111 - Connected to C++ backend
2026-04-28 09:53:41.018 | INFO     | cpp_client:_reconnect:136 - Reconnected to C++ backend
2026-04-28 09:53:41.018 | WARNING  | cpp_client:_receive_loop:120 - C++ backend connection closed: sent 1002 (protocol error) invalid status code; no close frame received
2026-04-28 09:53:41.018 | INFO     | cpp_client:_reconnect:130 - Reconnecting to C++ backend in 3.0s …
2026-04-28 09:53:44.019 | INFO     | cpp_client:_do_connect:94 - Connecting to C++ backend at ws://localhost:9000/
2026-04-28 09:53:46.084 | INFO     | cpp_client:_do_connect:111 - Connected to C++ backend
2026-04-28 09:53:46.085 | INFO     | cpp_client:_reconnect:136 - Reconnected to C++ backend
2026-04-28 09:53:46.085 | WARNING  | cpp_client:_receive_loop:120 - C++ backend connection closed: sent 1002 (protocol error) invalid status code; no close frame received
2026-04-28 09:53:46.085 | INFO     | cpp_client:_reconnect:130 - Reconnecting to C++ backend in 3.0s …
2026-04-28 09:53:49.095 | INFO     | cpp_client:_do_connect:94 - Connecting to C++ backend at ws://localhost:9000/
2026-04-28 09:53:51.166 | INFO     | cpp_client:_do_connect:111 - Connected to C++ backend
2026-04-28 09:53:51.166 | INFO     | cpp_client:_reconnect:136 - Reconnected to C++ backend
2026-04-28 09:53:51.168 | WARNING  | cpp_client:_receive_loop:120 - C++ backend connection closed: sent 1002 (protocol error) invalid status code; no close frame received
2026-04-28 09:53:51.168 | INFO     | cpp_client:_reconnect:130 - Reconnecting to C++ backend in 3.0s …
2026-04-28 09:53:54.177 | INFO     | cpp_client:_do_connect:94 - Connecting to C++ backend at ws://localhost:9000/
2026-04-28 09:53:56.217 | INFO     | cpp_client:_do_connect:111 - Connected to C++ backend
2026-04-28 09:53:56.217 | INFO     | cpp_client:_reconnect:136 - Reconnected to C++ backend
2026-04-28 09:53:56.219 | WARNING  | cpp_client:_receive_loop:120 - C++ backend connection closed: sent 1002 (protocol error) invalid status code; no close frame received
2026-04-28 09:53:56.219 | INFO     | cpp_client:_reconnect:130 - Reconnecting to C++ backend in 3.0s …
2026-04-28 09:53:59.226 | INFO     | cpp_client:_do_connect:94 - Connecting to C++ backend at ws://localhost:9000/
2026-04-28 09:54:01.292 | INFO     | cpp_client:_do_connect:111 - Connected to C++ backend
2026-04-28 09:54:01.292 | INFO     | cpp_client:_reconnect:136 - Reconnected to C++ backend
2026-04-28 09:54:01.292 | WARNING  | cpp_client:_receive_loop:120 - C++ backend connection closed: sent 1002 (protocol error) invalid status code; no close frame received
2026-04-28 09:54:01.294 | INFO     | cpp_client:_reconnect:130 - Reconnecting to C++ backend in 3.0s …
2026-04-28 09:54:04.309 | INFO     | cpp_client:_do_connect:94 - Connecting to C++ backend at ws://localhost:9000/
2026-04-28 09:54:06.364 | INFO     | cpp_client:_do_connect:111 - Connected to C++ backend
2026-04-28 09:54:06.364 | INFO     | cpp_client:_reconnect:136 - Reconnected to C++ backend
2026-04-28 09:54:06.365 | WARNING  | cpp_client:_receive_loop:120 - C++ backend connection closed: sent 1002 (protocol error) invalid status code; no close frame received
2026-04-28 09:54:06.365 | INFO     | cpp_client:_reconnect:130 - Reconnecting to C++ backend in 3.0s …
2026-04-28 09:54:09.379 | INFO     | cpp_client:_do_connect:94 - Connecting to C++ backend at ws://localhost:9000/
2026-04-28 09:54:11.438 | INFO     | cpp_client:_do_connect:111 - Connected to C++ backend
2026-04-28 09:54:11.439 | INFO     | cpp_client:_reconnect:136 - Reconnected to C++ backend
2026-04-28 09:54:11.439 | WARNING  | cpp_client:_receive_loop:120 - C++ backend connection closed: sent 1002 (protocol error) invalid status code; no close frame received
2026-04-28 09:54:11.439 | INFO     | cpp_client:_reconnect:130 - Reconnecting to C++ backend in 3.0s …
2026-04-28 09:54:14.441 | INFO     | cpp_client:_do_connect:94 - Connecting to C++ backend at ws://localhost:9000/
2026-04-28 09:54:16.500 | INFO     | cpp_client:_do_connect:111 - Connected to C++ backend
2026-04-28 09:54:16.501 | INFO     | cpp_client:_reconnect:136 - Reconnected to C++ backend
2026-04-28 09:54:16.501 | WARNING  | cpp_client:_receive_loop:120 - C++ backend connection closed: sent 1002 (protocol error) invalid status code; no close frame received
2026-04-28 09:54:16.501 | INFO     | cpp_client:_reconnect:130 - Reconnecting to C++ backend in 3.0s …
2026-04-28 09:54:19.506 | INFO     | cpp_client:_do_connect:94 - Connecting to C++ backend at ws://localhost:9000/
2026-04-28 09:54:21.414 | INFO     | __main__:_main:178 - Shutting down C++ backend connection …
2026-04-28 09:54:21.416 | INFO     | cpp_client:close:214 - Disconnected from C++ backend
2026-04-28 09:54:21.416 | INFO     | __main__:_main:180 - MSInsight MCP Bridge stopped.
2026-04-28 09:54:21.416 | INFO     | internal.profiler_server:cleanup_profiler_server:72 - Killing auto-started C++ backend process (PID 16488)
2026-04-28 09:54:21.419 | WARNING  | cpp_client:_receive_loop:120 - C++ backend connection closed: no close frame received or sent
2026-04-28 09:54:21.419 | INFO     | cpp_client:_reconnect:130 - Reconnecting to C++ backend in 3.0s …
2026-04-28 09:54:24.419 | INFO     | cpp_client:_do_connect:94 - Connecting to C++ backend at ws://localhost:9000/
2026-04-28 09:54:28.977 | INFO     | cpp_client:_do_connect:94 - Connecting to C++ backend at ws://localhost:9000/
2026-04-28 09:54:33.028 | WARNING  | cpp_client:_reconnect:139 - Reconnect attempt failed: Could not connect to C++ backend at ws://localhost:9000/: [WinError 1225] 远程计算机拒绝网络连接。
2026-04-28 09:54:33.028 | INFO     | cpp_client:_reconnect:130 - Reconnecting to C++ backend in 3.0s …
2026-04-28 09:54:36.036 | INFO     | cpp_client:_do_connect:94 - Connecting to C++ backend at ws://localhost:9000/
2026-04-28 09:54:40.622 | INFO     | cpp_client:_do_connect:94 - Connecting to C++ backend at ws://localhost:9000/
2026-04-28 09:54:44.703 | WARNING  | cpp_client:_reconnect:139 - Reconnect attempt failed: Could not connect to C++ backend at ws://localhost:9000/: [WinError 1225] 远程计算机拒绝网络连接。
2026-04-28 09:54:44.703 | INFO     | cpp_client:_reconnect:130 - Reconnecting to C++ backend in 3.0s …
2026-04-28 09:54:47.707 | INFO     | cpp_client:_do_connect:94 - Connecting to C++ backend at ws://localhost:9000/
2026-04-28 09:54:52.289 | INFO     | cpp_client:_do_connect:94 - Connecting to C++ backend at ws://localhost:9000/
2026-04-28 09:54:56.363 | WARNING  | cpp_client:_reconnect:139 - Reconnect attempt failed: Could not connect to C++ backend at ws://localhost:9000/: [WinError 1225] 远程计算机拒绝网络连接。
2026-04-28 09:54:56.363 | INFO     | cpp_client:_reconnect:130 - Reconnecting to C++ backend in 3.0s …
2026-04-28 09:54:59.372 | INFO     | cpp_client:_do_connect:94 - Connecting to C++ backend at ws://localhost:9000/
2026-04-28 09:55:03.947 | INFO     | cpp_client:_do_connect:94 - Connecting to C++ backend at ws://localhost:9000/
2026-04-28 09:55:08.023 | WARNING  | cpp_client:_reconnect:139 - Reconnect attempt failed: Could not connect to C++ backend at ws://localhost:9000/: [WinError 1225] 远程计算机拒绝网络连接。
2026-04-28 09:55:08.023 | INFO     | cpp_client:_reconnect:130 - Reconnecting to C++ backend in 3.0s …
2026-04-28 09:55:11.035 | INFO     | cpp_client:_do_connect:94 - Connecting to C++ backend at ws://localhost:9000/
2026-04-28 09:55:15.588 | INFO     | cpp_client:_do_connect:94 - Connecting to C++ backend at ws://localhost:9000/
2026-04-28 09:55:19.630 | WARNING  | cpp_client:_reconnect:139 - Reconnect attempt failed: Could not connect to C++ backend at ws://localhost:9000/: [WinError 1225] 远程计算机拒绝网络连接。
2026-04-28 09:55:19.630 | INFO     | cpp_client:_reconnect:130 - Reconnecting to C++ backend in 3.0s …
2026-04-28 09:55:22.634 | INFO     | cpp_client:_do_connect:94 - Connecting to C++ backend at ws://localhost:9000/
2026-04-28 09:55:27.202 | INFO     | cpp_client:_do_connect:94 - Connecting to C++ backend at ws://localhost:9000/
2026-04-28 09:55:31.275 | WARNING  | cpp_client:_reconnect:139 - Reconnect attempt failed: Could not connect to C++ backend at ws://localhost:9000/: [WinError 1225] 远程计算机拒绝网络连接。
2026-04-28 09:55:31.275 | INFO     | cpp_client:_reconnect:130 - Reconnecting to C++ backend in 3.0s …
2026-04-28 09:55:34.287 | INFO     | cpp_client:_do_connect:94 - Connecting to C++ backend at ws://localhost:9000/
2026-04-28 09:55:38.874 | INFO     | cpp_client:_do_connect:94 - Connecting to C++ backend at ws://localhost:9000/
2026-04-28 09:55:42.944 | WARNING  | cpp_client:_reconnect:139 - Reconnect attempt failed: Could not connect to C++ backend at ws://localhost:9000/: [WinError 1225] 远程计算机拒绝网络连接。
2026-04-28 09:55:42.944 | INFO     | cpp_client:_reconnect:130 - Reconnecting to C++ backend in 3.0s …
2026-04-28 09:55:45.946 | INFO     | cpp_client:_do_connect:94 - Connecting to C++ backend at ws://localhost:9000/
2026-04-28 09:55:50.511 | INFO     | cpp_client:_do_connect:94 - Connecting to C++ backend at ws://localhost:9000/
2026-04-28 09:55:54.567 | WARNING  | cpp_client:_reconnect:139 - Reconnect attempt failed: Could not connect to C++ backend at ws://localhost:9000/: [WinError 1225] 远程计算机拒绝网络连接。
2026-04-28 09:55:54.567 | INFO     | cpp_client:_reconnect:130 - Reconnecting to C++ backend in 3.0s …
2026-04-28 09:55:57.568 | INFO     | cpp_client:_do_connect:94 - Connecting to C++ backend at ws://localhost:9000/
2026-04-28 09:56:02.140 | INFO     | cpp_client:_do_connect:94 - Connecting to C++ backend at ws://localhost:9000/
2026-04-28 09:56:06.214 | WARNING  | cpp_client:_reconnect:139 - Reconnect attempt failed: Could not connect to C++ backend at ws://localhost:9000/: [WinError 1225] 远程计算机拒绝网络连接。
2026-04-28 09:56:06.214 | INFO     | cpp_client:_reconnect:130 - Reconnecting to C++ backend in 3.0s …
2026-04-28 09:56:09.230 | INFO     | cpp_client:_do_connect:94 - Connecting to C++ backend at ws://localhost:9000/
2026-04-28 09:56:13.796 | INFO     | cpp_client:_do_connect:94 - Connecting to C++ backend at ws://localhost:9000/
2026-04-28 09:56:17.852 | WARNING  | cpp_client:_reconnect:139 - Reconnect attempt failed: Could not connect to C++ backend at ws://localhost:9000/: [WinError 1225] 远程计算机拒绝网络连接。
2026-04-28 09:56:17.852 | INFO     | cpp_client:_reconnect:130 - Reconnecting to C++ backend in 3.0s …
2026-04-28 09:56:20.866 | INFO     | cpp_client:_do_connect:94 - Connecting to C++ backend at ws://localhost:9000/
2026-04-28 09:56:25.451 | INFO     | cpp_client:_do_connect:94 - Connecting to C++ backend at ws://localhost:9000/
2026-04-28 09:56:29.507 | WARNING  | cpp_client:_reconnect:139 - Reconnect attempt failed: Could not connect to C++ backend at ws://localhost:9000/: [WinError 1225] 远程计算机拒绝网络连接。
2026-04-28 09:56:29.507 | INFO     | cpp_client:_reconnect:130 - Reconnecting to C++ backend in 3.0s …
2026-04-28 09:56:32.514 | INFO     | cpp_client:_do_connect:94 - Connecting to C++ backend at ws://localhost:9000/
2026-04-28 09:56:37.095 | INFO     | cpp_client:_do_connect:94 - Connecting to C++ backend at ws://localhost:9000/
2026-04-28 09:56:41.196 | WARNING  | cpp_client:_reconnect:139 - Reconnect attempt failed: Could not connect to C++ backend at ws://localhost:9000/: [WinError 1225] 远程计算机拒绝网络连接。
2026-04-28 09:56:41.197 | INFO     | cpp_client:_reconnect:130 - Reconnecting to C++ backend in 3.0s …
2026-04-28 09:56:44.211 | INFO     | cpp_client:_do_connect:94 - Connecting to C++ backend at ws://localhost:9000/
2026-04-28 09:56:48.803 | INFO     | cpp_client:_do_connect:94 - Connecting to C++ backend at ws://localhost:9000/
2026-04-28 09:56:52.868 | WARNING  | cpp_client:_reconnect:139 - Reconnect attempt failed: Could not connect to C++ backend at ws://localhost:9000/: [WinError 1225] 远程计算机拒绝网络连接。
2026-04-28 09:56:52.868 | INFO     | cpp_client:_reconnect:130 - Reconnecting to C++ backend in 3.0s …
2026-04-28 09:56:55.880 | INFO     | cpp_client:_do_connect:94 - Connecting to C++ backend at ws://localhost:9000/
2026-04-28 09:57:00.443 | INFO     | cpp_client:_do_connect:94 - Connecting to C++ backend at ws://localhost:9000/
2026-04-28 09:57:04.502 | WARNING  | cpp_client:_reconnect:139 - Reconnect attempt failed: Could not connect to C++ backend at ws://localhost:9000/: [WinError 1225] 远程计算机拒绝网络连接。
2026-04-28 09:57:04.504 | INFO     | cpp_client:_reconnect:130 - Reconnecting to C++ backend in 3.0s …
2026-04-28 09:57:07.515 | INFO     | cpp_client:_do_connect:94 - Connecting to C++ backend at ws://localhost:9000/
2026-04-28 09:57:12.075 | INFO     | cpp_client:_do_connect:94 - Connecting to C++ backend at ws://localhost:9000/
2026-04-28 09:57:16.118 | WARNING  | cpp_client:_reconnect:139 - Reconnect attempt failed: Could not connect to C++ backend at ws://localhost:9000/: [WinError 1225] 远程计算机拒绝网络连接。
2026-04-28 09:57:16.118 | INFO     | cpp_client:_reconnect:130 - Reconnecting to C++ backend in 3.0s …
2026-04-28 09:57:19.120 | INFO     | cpp_client:_do_connect:94 - Connecting to C++ backend at ws://localhost:9000/
2026-04-28 09:57:23.678 | INFO     | cpp_client:_do_connect:94 - Connecting to C++ backend at ws://localhost:9000/
2026-04-28 09:57:27.759 | WARNING  | cpp_client:_reconnect:139 - Reconnect attempt failed: Could not connect to C++ backend at ws://localhost:9000/: [WinError 1225] 远程计算机拒绝网络连接。
2026-04-28 09:57:27.759 | INFO     | cpp_client:_reconnect:130 - Reconnecting to C++ backend in 3.0s …
2026-04-28 09:57:30.768 | INFO     | cpp_client:_do_connect:94 - Connecting to C++ backend at ws://localhost:9000/
2026-04-28 09:57:35.317 | INFO     | cpp_client:_do_connect:94 - Connecting to C++ backend at ws://localhost:9000/
2026-04-28 09:57:39.372 | WARNING  | cpp_client:_reconnect:139 - Reconnect attempt failed: Could not connect to C++ backend at ws://localhost:9000/: [WinError 1225] 远程计算机拒绝网络连接。
2026-04-28 09:57:39.372 | INFO     | cpp_client:_reconnect:130 - Reconnecting to C++ backend in 3.0s …
2026-04-28 09:57:42.385 | INFO     | cpp_client:_do_connect:94 - Connecting to C++ backend at ws://localhost:9000/
2026-04-28 09:57:46.949 | INFO     | cpp_client:_do_connect:94 - Connecting to C++ backend at ws://localhost:9000/
2026-04-28 09:57:50.991 | WARNING  | cpp_client:_reconnect:139 - Reconnect attempt failed: Could not connect to C++ backend at ws://localhost:9000/: [WinError 1225] 远程计算机拒绝网络连接。
2026-04-28 09:57:50.991 | INFO     | cpp_client:_reconnect:130 - Reconnecting to C++ backend in 3.0s …
2026-04-28 09:57:54.005 | INFO     | cpp_client:_do_connect:94 - Connecting to C++ backend at ws://localhost:9000/
2026-04-28 09:57:58.565 | INFO     | cpp_client:_do_connect:94 - Connecting to C++ backend at ws://localhost:9000/
2026-04-28 09:58:02.613 | WARNING  | cpp_client:_reconnect:139 - Reconnect attempt failed: Could not connect to C++ backend at ws://localhost:9000/: [WinError 1225] 远程计算机拒绝网络连接。
2026-04-28 09:58:02.613 | INFO     | cpp_client:_reconnect:130 - Reconnecting to C++ backend in 3.0s …
2026-04-28 09:58:05.616 | INFO     | cpp_client:_do_connect:94 - Connecting to C++ backend at ws://localhost:9000/
2026-04-28 09:58:10.236 | INFO     | cpp_client:_do_connect:94 - Connecting to C++ backend at ws://localhost:9000/
2026-04-28 09:58:14.301 | WARNING  | cpp_client:_reconnect:139 - Reconnect attempt failed: Could not connect to C++ backend at ws://localhost:9000/: [WinError 1225] 远程计算机拒绝网络连接。
2026-04-28 09:58:14.301 | INFO     | cpp_client:_reconnect:130 - Reconnecting to C++ backend in 3.0s …
2026-04-28 09:58:15.718 | INFO     | utils.logger:setup_logger:31 - Logger initialised (level=INFO)
2026-04-28 09:58:15.718 | INFO     | __main__:_main:98 - MSInsight MCP Bridge starting — backend=ws://localhost:9000/ transport=stdio
2026-04-28 09:58:15.718 | INFO     | internal.profiler_server:start_profiler_server_if_needed:18 - Attempting to auto-start C++ backend from: C:\Program Files (x86)\MindStudio Insight\resources\profiler\server\profiler_server.exe
2026-04-28 09:58:15.721 | INFO     | internal.profiler_server:start_profiler_server_if_needed:49 - C++ backend process started with PID: 32788
2026-04-28 09:58:16.722 | INFO     | cpp_client:_do_connect:94 - Connecting to C++ backend at ws://localhost:9000/
2026-04-28 09:58:17.309 | INFO     | cpp_client:_do_connect:94 - Connecting to C++ backend at ws://localhost:9000/
2026-04-28 09:58:18.781 | INFO     | cpp_client:_do_connect:110 - Connected to C++ backend
2026-04-28 09:58:18.782 | INFO     | mcp_server:run_stdio:229 - Starting MCP server — transport: stdio
2026-04-28 09:58:19.368 | INFO     | cpp_client:_do_connect:111 - Connected to C++ backend
2026-04-28 09:58:19.370 | INFO     | cpp_client:_reconnect:136 - Reconnected to C++ backend
2026-04-28 09:58:19.370 | WARNING  | cpp_client:_receive_loop:120 - C++ backend connection closed: sent 1002 (protocol error) invalid status code; no close frame received
2026-04-28 09:58:19.370 | INFO     | cpp_client:_reconnect:130 - Reconnecting to C++ backend in 3.0s …
2026-04-28 09:58:22.384 | INFO     | cpp_client:_do_connect:94 - Connecting to C++ backend at ws://localhost:9000/
2026-04-28 09:58:24.437 | INFO     | cpp_client:_do_connect:111 - Connected to C++ backend
2026-04-28 09:58:24.438 | INFO     | cpp_client:_reconnect:136 - Reconnected to C++ backend
2026-04-28 09:58:24.438 | WARNING  | cpp_client:_receive_loop:120 - C++ backend connection closed: sent 1002 (protocol error) invalid status code; no close frame received
2026-04-28 09:58:24.438 | INFO     | cpp_client:_reconnect:130 - Reconnecting to C++ backend in 3.0s …
2026-04-28 09:58:26.033 | INFO     | __main__:_main:178 - Shutting down C++ backend connection …
2026-04-28 09:58:26.044 | INFO     | cpp_client:close:213 - Disconnected from C++ backend
2026-04-28 09:58:26.044 | INFO     | __main__:_main:180 - MSInsight MCP Bridge stopped.
2026-04-28 09:58:26.046 | INFO     | internal.profiler_server:cleanup_profiler_server:72 - Killing auto-started C++ backend process (PID 32788)
2026-04-28 09:58:27.444 | INFO     | cpp_client:_do_connect:94 - Connecting to C++ backend at ws://localhost:9000/
2026-04-28 09:58:31.992 | INFO     | cpp_client:_do_connect:94 - Connecting to C++ backend at ws://localhost:9000/
2026-04-28 09:58:36.051 | WARNING  | cpp_client:_reconnect:139 - Reconnect attempt failed: Could not connect to C++ backend at ws://localhost:9000/: [WinError 1225] 远程计算机拒绝网络连接。
2026-04-28 09:58:36.051 | INFO     | cpp_client:_reconnect:130 - Reconnecting to C++ backend in 3.0s …
2026-04-28 09:58:39.061 | INFO     | cpp_client:_do_connect:94 - Connecting to C++ backend at ws://localhost:9000/
2026-04-28 09:58:43.628 | INFO     | cpp_client:_do_connect:94 - Connecting to C++ backend at ws://localhost:9000/
2026-04-28 09:58:45.668 | INFO     | cpp_client:_do_connect:111 - Connected to C++ backend
2026-04-28 09:58:45.669 | INFO     | cpp_client:_reconnect:136 - Reconnected to C++ backend
2026-04-28 09:58:57.098 | WARNING  | cpp_client:_receive_loop:120 - C++ backend connection closed: no close frame received or sent
2026-04-28 09:58:57.098 | INFO     | cpp_client:_reconnect:130 - Reconnecting to C++ backend in 3.0s …
2026-04-28 09:59:00.101 | INFO     | cpp_client:_do_connect:94 - Connecting to C++ backend at ws://localhost:9000/
2026-04-28 09:59:04.686 | INFO     | cpp_client:_do_connect:94 - Connecting to C++ backend at ws://localhost:9000/
2026-04-28 09:59:08.735 | WARNING  | cpp_client:_reconnect:139 - Reconnect attempt failed: Could not connect to C++ backend at ws://localhost:9000/: [WinError 1225] 远程计算机拒绝网络连接。
2026-04-28 09:59:08.735 | INFO     | cpp_client:_reconnect:130 - Reconnecting to C++ backend in 3.0s …
2026-04-28 09:59:11.745 | INFO     | cpp_client:_do_connect:94 - Connecting to C++ backend at ws://localhost:9000/
2026-04-28 09:59:16.302 | INFO     | cpp_client:_do_connect:94 - Connecting to C++ backend at ws://localhost:9000/
2026-04-28 09:59:20.366 | WARNING  | cpp_client:_reconnect:139 - Reconnect attempt failed: Could not connect to C++ backend at ws://localhost:9000/: [WinError 1225] 远程计算机拒绝网络连接。
2026-04-28 09:59:20.367 | INFO     | cpp_client:_reconnect:130 - Reconnecting to C++ backend in 3.0s …
2026-04-28 09:59:23.373 | INFO     | cpp_client:_do_connect:94 - Connecting to C++ backend at ws://localhost:9000/
2026-04-28 09:59:27.937 | INFO     | cpp_client:_do_connect:94 - Connecting to C++ backend at ws://localhost:9000/
2026-04-28 09:59:32.032 | WARNING  | cpp_client:_reconnect:139 - Reconnect attempt failed: Could not connect to C++ backend at ws://localhost:9000/: [WinError 1225] 远程计算机拒绝网络连接。
2026-04-28 09:59:32.032 | INFO     | cpp_client:_reconnect:130 - Reconnecting to C++ backend in 3.0s …
2026-04-28 09:59:35.037 | INFO     | cpp_client:_do_connect:94 - Connecting to C++ backend at ws://localhost:9000/
2026-04-28 09:59:39.597 | INFO     | cpp_client:_do_connect:94 - Connecting to C++ backend at ws://localhost:9000/
2026-04-28 09:59:43.661 | WARNING  | cpp_client:_reconnect:139 - Reconnect attempt failed: Could not connect to C++ backend at ws://localhost:9000/: [WinError 1225] 远程计算机拒绝网络连接。
2026-04-28 09:59:43.661 | INFO     | cpp_client:_reconnect:130 - Reconnecting to C++ backend in 3.0s …
2026-04-28 09:59:46.662 | INFO     | cpp_client:_do_connect:94 - Connecting to C++ backend at ws://localhost:9000/
2026-04-28 09:59:51.226 | INFO     | cpp_client:_do_connect:94 - Connecting to C++ backend at ws://localhost:9000/
2026-04-28 09:59:55.301 | WARNING  | cpp_client:_reconnect:139 - Reconnect attempt failed: Could not connect to C++ backend at ws://localhost:9000/: [WinError 1225] 远程计算机拒绝网络连接。
2026-04-28 09:59:55.301 | INFO     | cpp_client:_reconnect:130 - Reconnecting to C++ backend in 3.0s …
2026-04-28 09:59:58.310 | INFO     | cpp_client:_do_connect:94 - Connecting to C++ backend at ws://localhost:9000/
2026-04-28 10:00:02.886 | INFO     | cpp_client:_do_connect:94 - Connecting to C++ backend at ws://localhost:9000/
2026-04-28 10:00:06.936 | WARNING  | cpp_client:_reconnect:139 - Reconnect attempt failed: Could not connect to C++ backend at ws://localhost:9000/: [WinError 1225] 远程计算机拒绝网络连接。
2026-04-28 10:00:06.936 | INFO     | cpp_client:_reconnect:130 - Reconnecting to C++ backend in 3.0s …
2026-04-28 10:00:09.938 | INFO     | cpp_client:_do_connect:94 - Connecting to C++ backend at ws://localhost:9000/
2026-04-28 10:00:14.528 | INFO     | cpp_client:_do_connect:94 - Connecting to C++ backend at ws://localhost:9000/
2026-04-28 10:00:18.612 | WARNING  | cpp_client:_reconnect:139 - Reconnect attempt failed: Could not connect to C++ backend at ws://localhost:9000/: [WinError 1225] 远程计算机拒绝网络连接。
2026-04-28 10:00:18.612 | INFO     | cpp_client:_reconnect:130 - Reconnecting to C++ backend in 3.0s …
2026-04-28 10:00:19.556 | INFO     | utils.logger:setup_logger:31 - Logger initialised (level=INFO)
2026-04-28 10:00:19.556 | INFO     | __main__:_main:98 - MSInsight MCP Bridge starting — backend=ws://localhost:9000/ transport=stdio
2026-04-28 10:00:19.556 | INFO     | internal.profiler_server:start_profiler_server_if_needed:18 - Attempting to auto-start C++ backend from: C:\Program Files (x86)\MindStudio Insight\resources\profiler\server\profiler_server.exe
2026-04-28 10:00:19.559 | INFO     | internal.profiler_server:start_profiler_server_if_needed:49 - C++ backend process started with PID: 24000
2026-04-28 10:00:20.568 | INFO     | cpp_client:_do_connect:94 - Connecting to C++ backend at ws://localhost:9000/
2026-04-28 10:00:21.613 | INFO     | cpp_client:_do_connect:94 - Connecting to C++ backend at ws://localhost:9000/
2026-04-28 10:00:22.621 | INFO     | cpp_client:_do_connect:110 - Connected to C++ backend
2026-04-28 10:00:22.621 | INFO     | mcp_server:run_stdio:229 - Starting MCP server — transport: stdio
2026-04-28 10:00:23.666 | INFO     | cpp_client:_do_connect:111 - Connected to C++ backend
2026-04-28 10:00:23.666 | INFO     | cpp_client:_reconnect:136 - Reconnected to C++ backend
2026-04-28 10:00:23.666 | WARNING  | cpp_client:_receive_loop:120 - C++ backend connection closed: sent 1002 (protocol error) invalid status code; no close frame received
2026-04-28 10:00:23.666 | INFO     | cpp_client:_reconnect:130 - Reconnecting to C++ backend in 3.0s …
2026-04-28 10:00:26.672 | INFO     | cpp_client:_do_connect:94 - Connecting to C++ backend at ws://localhost:9000/
2026-04-28 10:00:28.721 | INFO     | cpp_client:_do_connect:111 - Connected to C++ backend
2026-04-28 10:00:28.721 | INFO     | cpp_client:_reconnect:136 - Reconnected to C++ backend
2026-04-28 10:00:28.721 | WARNING  | cpp_client:_receive_loop:120 - C++ backend connection closed: sent 1002 (protocol error) invalid status code; no close frame received
2026-04-28 10:00:28.721 | INFO     | cpp_client:_reconnect:130 - Reconnecting to C++ backend in 3.0s …
2026-04-28 10:00:31.571 | INFO     | __main__:_main:178 - Shutting down C++ backend connection …
2026-04-28 10:00:31.583 | INFO     | cpp_client:close:213 - Disconnected from C++ backend
2026-04-28 10:00:31.583 | INFO     | __main__:_main:180 - MSInsight MCP Bridge stopped.
2026-04-28 10:00:31.585 | INFO     | internal.profiler_server:cleanup_profiler_server:72 - Killing auto-started C++ backend process (PID 24000)
2026-04-28 10:00:31.736 | INFO     | cpp_client:_do_connect:94 - Connecting to C++ backend at ws://localhost:9000/
2026-04-28 10:00:36.292 | INFO     | cpp_client:_do_connect:94 - Connecting to C++ backend at ws://localhost:9000/
2026-04-28 10:00:40.342 | WARNING  | cpp_client:_reconnect:139 - Reconnect attempt failed: Could not connect to C++ backend at ws://localhost:9000/: [WinError 1225] 远程计算机拒绝网络连接。
2026-04-28 10:00:40.342 | INFO     | cpp_client:_reconnect:130 - Reconnecting to C++ backend in 3.0s …
2026-04-28 10:00:43.347 | INFO     | cpp_client:_do_connect:94 - Connecting to C++ backend at ws://localhost:9000/
2026-04-28 10:00:47.921 | INFO     | cpp_client:_do_connect:94 - Connecting to C++ backend at ws://localhost:9000/
2026-04-28 10:00:51.993 | WARNING  | cpp_client:_reconnect:139 - Reconnect attempt failed: Could not connect to C++ backend at ws://localhost:9000/: [WinError 1225] 远程计算机拒绝网络连接。
2026-04-28 10:00:51.993 | INFO     | cpp_client:_reconnect:130 - Reconnecting to C++ backend in 3.0s …
2026-04-28 10:00:55.003 | INFO     | cpp_client:_do_connect:94 - Connecting to C++ backend at ws://localhost:9000/
2026-04-28 10:00:59.575 | INFO     | cpp_client:_do_connect:94 - Connecting to C++ backend at ws://localhost:9000/
2026-04-28 10:01:03.626 | WARNING  | cpp_client:_reconnect:139 - Reconnect attempt failed: Could not connect to C++ backend at ws://localhost:9000/: [WinError 1225] 远程计算机拒绝网络连接。
2026-04-28 10:01:03.627 | INFO     | cpp_client:_reconnect:130 - Reconnecting to C++ backend in 3.0s …
2026-04-28 10:01:06.635 | INFO     | cpp_client:_do_connect:94 - Connecting to C++ backend at ws://localhost:9000/
2026-04-28 10:01:11.228 | INFO     | cpp_client:_do_connect:94 - Connecting to C++ backend at ws://localhost:9000/
2026-04-28 10:01:15.292 | WARNING  | cpp_client:_reconnect:139 - Reconnect attempt failed: Could not connect to C++ backend at ws://localhost:9000/: [WinError 1225] 远程计算机拒绝网络连接。
2026-04-28 10:01:15.294 | INFO     | cpp_client:_reconnect:130 - Reconnecting to C++ backend in 3.0s …
2026-04-28 10:01:18.297 | INFO     | cpp_client:_do_connect:94 - Connecting to C++ backend at ws://localhost:9000/
2026-04-28 10:01:22.864 | INFO     | cpp_client:_do_connect:94 - Connecting to C++ backend at ws://localhost:9000/
2026-04-28 10:01:24.917 | INFO     | cpp_client:_do_connect:111 - Connected to C++ backend
2026-04-28 10:01:24.919 | INFO     | cpp_client:_reconnect:136 - Reconnected to C++ backend
2026-04-28 10:01:31.152 | WARNING  | cpp_client:_receive_loop:120 - C++ backend connection closed: no close frame received or sent
2026-04-28 10:01:31.152 | INFO     | cpp_client:_reconnect:130 - Reconnecting to C++ backend in 3.0s …
2026-04-28 10:01:34.165 | INFO     | cpp_client:_do_connect:94 - Connecting to C++ backend at ws://localhost:9000/
2026-04-28 10:01:38.734 | INFO     | cpp_client:_do_connect:94 - Connecting to C++ backend at ws://localhost:9000/
2026-04-28 10:01:42.805 | WARNING  | cpp_client:_reconnect:139 - Reconnect attempt failed: Could not connect to C++ backend at ws://localhost:9000/: [WinError 1225] 远程计算机拒绝网络连接。
2026-04-28 10:01:42.805 | INFO     | cpp_client:_reconnect:130 - Reconnecting to C++ backend in 3.0s …
2026-04-28 10:01:45.809 | INFO     | cpp_client:_do_connect:94 - Connecting to C++ backend at ws://localhost:9000/
2026-04-28 10:01:50.386 | INFO     | cpp_client:_do_connect:94 - Connecting to C++ backend at ws://localhost:9000/
2026-04-28 10:01:54.463 | WARNING  | cpp_client:_reconnect:139 - Reconnect attempt failed: Could not connect to C++ backend at ws://localhost:9000/: [WinError 1225] 远程计算机拒绝网络连接。
2026-04-28 10:01:54.463 | INFO     | cpp_client:_reconnect:130 - Reconnecting to C++ backend in 3.0s …
2026-04-28 10:01:57.467 | INFO     | cpp_client:_do_connect:94 - Connecting to C++ backend at ws://localhost:9000/
2026-04-28 10:02:02.031 | INFO     | cpp_client:_do_connect:94 - Connecting to C++ backend at ws://localhost:9000/
2026-04-28 10:02:06.084 | WARNING  | cpp_client:_reconnect:139 - Reconnect attempt failed: Could not connect to C++ backend at ws://localhost:9000/: [WinError 1225] 远程计算机拒绝网络连接。
2026-04-28 10:02:06.085 | INFO     | cpp_client:_reconnect:130 - Reconnecting to C++ backend in 3.0s …
2026-04-28 10:02:09.093 | INFO     | cpp_client:_do_connect:94 - Connecting to C++ backend at ws://localhost:9000/
2026-04-28 10:02:13.667 | INFO     | cpp_client:_do_connect:94 - Connecting to C++ backend at ws://localhost:9000/
2026-04-28 10:02:17.745 | WARNING  | cpp_client:_reconnect:139 - Reconnect attempt failed: Could not connect to C++ backend at ws://localhost:9000/: [WinError 1225] 远程计算机拒绝网络连接。
2026-04-28 10:02:17.745 | INFO     | cpp_client:_reconnect:130 - Reconnecting to C++ backend in 3.0s …
2026-04-28 10:02:20.759 | INFO     | cpp_client:_do_connect:94 - Connecting to C++ backend at ws://localhost:9000/
2026-04-28 10:02:25.305 | INFO     | cpp_client:_do_connect:94 - Connecting to C++ backend at ws://localhost:9000/
2026-04-28 10:02:28.866 | INFO     | cpp_client:_do_connect:111 - Connected to C++ backend
2026-04-28 10:02:28.866 | INFO     | cpp_client:_reconnect:136 - Reconnected to C++ backend
2026-04-28 10:02:38.384 | WARNING  | cpp_client:_receive_loop:120 - C++ backend connection closed: no close frame received or sent
2026-04-28 10:02:38.384 | INFO     | cpp_client:_reconnect:130 - Reconnecting to C++ backend in 3.0s …
2026-04-28 10:02:41.391 | INFO     | cpp_client:_do_connect:94 - Connecting to C++ backend at ws://localhost:9000/
2026-04-28 10:02:45.973 | INFO     | cpp_client:_do_connect:94 - Connecting to C++ backend at ws://localhost:9000/
2026-04-28 10:02:50.029 | WARNING  | cpp_client:_reconnect:139 - Reconnect attempt failed: Could not connect to C++ backend at ws://localhost:9000/: [WinError 1225] 远程计算机拒绝网络连接。
2026-04-28 10:02:50.030 | INFO     | cpp_client:_reconnect:130 - Reconnecting to C++ backend in 3.0s …
2026-04-28 10:02:53.032 | INFO     | cpp_client:_do_connect:94 - Connecting to C++ backend at ws://localhost:9000/
2026-04-28 10:02:57.590 | INFO     | cpp_client:_do_connect:94 - Connecting to C++ backend at ws://localhost:9000/
2026-04-28 10:03:01.685 | WARNING  | cpp_client:_reconnect:139 - Reconnect attempt failed: Could not connect to C++ backend at ws://localhost:9000/: [WinError 1225] 远程计算机拒绝网络连接。
2026-04-28 10:03:01.685 | INFO     | cpp_client:_reconnect:130 - Reconnecting to C++ backend in 3.0s …
2026-04-28 10:03:04.693 | INFO     | cpp_client:_do_connect:94 - Connecting to C++ backend at ws://localhost:9000/
2026-04-28 10:03:09.280 | INFO     | cpp_client:_do_connect:94 - Connecting to C++ backend at ws://localhost:9000/
2026-04-28 10:03:13.338 | WARNING  | cpp_client:_reconnect:139 - Reconnect attempt failed: Could not connect to C++ backend at ws://localhost:9000/: [WinError 1225] 远程计算机拒绝网络连接。
2026-04-28 10:03:13.338 | INFO     | cpp_client:_reconnect:130 - Reconnecting to C++ backend in 3.0s …
2026-04-28 10:03:16.345 | INFO     | cpp_client:_do_connect:94 - Connecting to C++ backend at ws://localhost:9000/
2026-04-28 10:03:20.923 | INFO     | cpp_client:_do_connect:94 - Connecting to C++ backend at ws://localhost:9000/
2026-04-28 10:03:24.975 | WARNING  | cpp_client:_reconnect:139 - Reconnect attempt failed: Could not connect to C++ backend at ws://localhost:9000/: [WinError 1225] 远程计算机拒绝网络连接。
2026-04-28 10:03:24.976 | INFO     | cpp_client:_reconnect:130 - Reconnecting to C++ backend in 3.0s …
2026-04-28 10:03:27.980 | INFO     | cpp_client:_do_connect:94 - Connecting to C++ backend at ws://localhost:9000/
2026-04-28 10:03:32.541 | INFO     | cpp_client:_do_connect:94 - Connecting to C++ backend at ws://localhost:9000/
2026-04-28 10:03:36.602 | WARNING  | cpp_client:_reconnect:139 - Reconnect attempt failed: Could not connect to C++ backend at ws://localhost:9000/: [WinError 1225] 远程计算机拒绝网络连接。
2026-04-28 10:03:36.602 | INFO     | cpp_client:_reconnect:130 - Reconnecting to C++ backend in 3.0s …
2026-04-28 10:03:39.607 | INFO     | cpp_client:_do_connect:94 - Connecting to C++ backend at ws://localhost:9000/
2026-04-28 10:03:44.200 | INFO     | cpp_client:_do_connect:94 - Connecting to C++ backend at ws://localhost:9000/
2026-04-28 10:03:48.258 | WARNING  | cpp_client:_reconnect:139 - Reconnect attempt failed: Could not connect to C++ backend at ws://localhost:9000/: [WinError 1225] 远程计算机拒绝网络连接。
2026-04-28 10:03:48.259 | INFO     | cpp_client:_reconnect:130 - Reconnecting to C++ backend in 3.0s …
2026-04-28 10:03:51.273 | INFO     | cpp_client:_do_connect:94 - Connecting to C++ backend at ws://localhost:9000/
2026-04-28 10:03:55.864 | INFO     | cpp_client:_do_connect:94 - Connecting to C++ backend at ws://localhost:9000/
2026-04-28 10:03:59.962 | WARNING  | cpp_client:_reconnect:139 - Reconnect attempt failed: Could not connect to C++ backend at ws://localhost:9000/: [WinError 1225] 远程计算机拒绝网络连接。
2026-04-28 10:03:59.962 | INFO     | cpp_client:_reconnect:130 - Reconnecting to C++ backend in 3.0s …
2026-04-28 10:04:02.978 | INFO     | cpp_client:_do_connect:94 - Connecting to C++ backend at ws://localhost:9000/
2026-04-28 10:04:07.577 | INFO     | cpp_client:_do_connect:94 - Connecting to C++ backend at ws://localhost:9000/
2026-04-28 10:04:11.653 | WARNING  | cpp_client:_reconnect:139 - Reconnect attempt failed: Could not connect to C++ backend at ws://localhost:9000/: [WinError 1225] 远程计算机拒绝网络连接。
2026-04-28 10:04:11.655 | INFO     | cpp_client:_reconnect:130 - Reconnecting to C++ backend in 3.0s …
2026-04-28 10:04:14.655 | INFO     | cpp_client:_do_connect:94 - Connecting to C++ backend at ws://localhost:9000/
2026-04-28 10:04:19.219 | INFO     | cpp_client:_do_connect:94 - Connecting to C++ backend at ws://localhost:9000/
2026-04-28 10:04:23.287 | WARNING  | cpp_client:_reconnect:139 - Reconnect attempt failed: Could not connect to C++ backend at ws://localhost:9000/: [WinError 1225] 远程计算机拒绝网络连接。
2026-04-28 10:04:23.287 | INFO     | cpp_client:_reconnect:130 - Reconnecting to C++ backend in 3.0s …
2026-04-28 10:04:26.291 | INFO     | cpp_client:_do_connect:94 - Connecting to C++ backend at ws://localhost:9000/
2026-04-28 10:04:30.847 | INFO     | cpp_client:_do_connect:94 - Connecting to C++ backend at ws://localhost:9000/
2026-04-28 10:04:34.905 | WARNING  | cpp_client:_reconnect:139 - Reconnect attempt failed: Could not connect to C++ backend at ws://localhost:9000/: [WinError 1225] 远程计算机拒绝网络连接。
2026-04-28 10:04:34.905 | INFO     | cpp_client:_reconnect:130 - Reconnecting to C++ backend in 3.0s …
2026-04-28 10:04:37.911 | INFO     | cpp_client:_do_connect:94 - Connecting to C++ backend at ws://localhost:9000/
2026-04-28 10:04:42.482 | INFO     | cpp_client:_do_connect:94 - Connecting to C++ backend at ws://localhost:9000/
2026-04-28 10:04:46.536 | WARNING  | cpp_client:_reconnect:139 - Reconnect attempt failed: Could not connect to C++ backend at ws://localhost:9000/: [WinError 1225] 远程计算机拒绝网络连接。
2026-04-28 10:04:46.536 | INFO     | cpp_client:_reconnect:130 - Reconnecting to C++ backend in 3.0s …
2026-04-28 10:04:49.539 | INFO     | cpp_client:_do_connect:94 - Connecting to C++ backend at ws://localhost:9000/
2026-04-28 10:04:54.113 | INFO     | cpp_client:_do_connect:94 - Connecting to C++ backend at ws://localhost:9000/
2026-04-28 10:04:58.193 | WARNING  | cpp_client:_reconnect:139 - Reconnect attempt failed: Could not connect to C++ backend at ws://localhost:9000/: [WinError 1225] 远程计算机拒绝网络连接。
2026-04-28 10:04:58.194 | INFO     | cpp_client:_reconnect:130 - Reconnecting to C++ backend in 3.0s …
2026-04-28 10:05:01.200 | INFO     | cpp_client:_do_connect:94 - Connecting to C++ backend at ws://localhost:9000/
2026-04-28 10:05:05.773 | INFO     | cpp_client:_do_connect:94 - Connecting to C++ backend at ws://localhost:9000/
2026-04-28 10:05:09.816 | WARNING  | cpp_client:_reconnect:139 - Reconnect attempt failed: Could not connect to C++ backend at ws://localhost:9000/: [WinError 1225] 远程计算机拒绝网络连接。
2026-04-28 10:05:09.816 | INFO     | cpp_client:_reconnect:130 - Reconnecting to C++ backend in 3.0s …
2026-04-28 10:05:12.822 | INFO     | cpp_client:_do_connect:94 - Connecting to C++ backend at ws://localhost:9000/
2026-04-28 10:05:17.422 | INFO     | cpp_client:_do_connect:94 - Connecting to C++ backend at ws://localhost:9000/
2026-04-28 10:05:21.507 | WARNING  | cpp_client:_reconnect:139 - Reconnect attempt failed: Could not connect to C++ backend at ws://localhost:9000/: [WinError 1225] 远程计算机拒绝网络连接。
2026-04-28 10:05:21.508 | INFO     | cpp_client:_reconnect:130 - Reconnecting to C++ backend in 3.0s …
2026-04-28 10:05:24.513 | INFO     | cpp_client:_do_connect:94 - Connecting to C++ backend at ws://localhost:9000/
2026-04-28 10:05:29.084 | INFO     | cpp_client:_do_connect:94 - Connecting to C++ backend at ws://localhost:9000/
2026-04-28 10:05:33.170 | WARNING  | cpp_client:_reconnect:139 - Reconnect attempt failed: Could not connect to C++ backend at ws://localhost:9000/: [WinError 1225] 远程计算机拒绝网络连接。
2026-04-28 10:05:33.170 | INFO     | cpp_client:_reconnect:130 - Reconnecting to C++ backend in 3.0s …
2026-04-28 10:05:36.176 | INFO     | cpp_client:_do_connect:94 - Connecting to C++ backend at ws://localhost:9000/
2026-04-28 10:05:40.758 | INFO     | cpp_client:_do_connect:94 - Connecting to C++ backend at ws://localhost:9000/
2026-04-28 10:05:44.851 | WARNING  | cpp_client:_reconnect:139 - Reconnect attempt failed: Could not connect to C++ backend at ws://localhost:9000/: [WinError 1225] 远程计算机拒绝网络连接。
2026-04-28 10:05:44.851 | INFO     | cpp_client:_reconnect:130 - Reconnecting to C++ backend in 3.0s …
2026-04-28 10:05:47.865 | INFO     | cpp_client:_do_connect:94 - Connecting to C++ backend at ws://localhost:9000/
2026-04-28 10:05:52.454 | INFO     | cpp_client:_do_connect:94 - Connecting to C++ backend at ws://localhost:9000/
2026-04-28 10:05:56.562 | WARNING  | cpp_client:_reconnect:139 - Reconnect attempt failed: Could not connect to C++ backend at ws://localhost:9000/: [WinError 1225] 远程计算机拒绝网络连接。
2026-04-28 10:05:56.562 | INFO     | cpp_client:_reconnect:130 - Reconnecting to C++ backend in 3.0s …
2026-04-28 10:05:59.564 | INFO     | cpp_client:_do_connect:94 - Connecting to C++ backend at ws://localhost:9000/
2026-04-28 10:06:04.136 | INFO     | cpp_client:_do_connect:94 - Connecting to C++ backend at ws://localhost:9000/
2026-04-28 10:06:08.200 | WARNING  | cpp_client:_reconnect:139 - Reconnect attempt failed: Could not connect to C++ backend at ws://localhost:9000/: [WinError 1225] 远程计算机拒绝网络连接。
2026-04-28 10:06:08.200 | INFO     | cpp_client:_reconnect:130 - Reconnecting to C++ backend in 3.0s …
2026-04-28 10:06:11.202 | INFO     | cpp_client:_do_connect:94 - Connecting to C++ backend at ws://localhost:9000/
2026-04-28 10:06:15.786 | INFO     | cpp_client:_do_connect:94 - Connecting to C++ backend at ws://localhost:9000/
2026-04-28 10:06:19.868 | WARNING  | cpp_client:_reconnect:139 - Reconnect attempt failed: Could not connect to C++ backend at ws://localhost:9000/: [WinError 1225] 远程计算机拒绝网络连接。
2026-04-28 10:06:19.868 | INFO     | cpp_client:_reconnect:130 - Reconnecting to C++ backend in 3.0s …
2026-04-28 10:06:22.873 | INFO     | cpp_client:_do_connect:94 - Connecting to C++ backend at ws://localhost:9000/
2026-04-28 10:06:27.465 | INFO     | cpp_client:_do_connect:94 - Connecting to C++ backend at ws://localhost:9000/
2026-04-28 10:06:31.541 | WARNING  | cpp_client:_reconnect:139 - Reconnect attempt failed: Could not connect to C++ backend at ws://localhost:9000/: [WinError 1225] 远程计算机拒绝网络连接。
2026-04-28 10:06:31.542 | INFO     | cpp_client:_reconnect:130 - Reconnecting to C++ backend in 3.0s …
2026-04-28 10:06:34.545 | INFO     | cpp_client:_do_connect:94 - Connecting to C++ backend at ws://localhost:9000/
2026-04-28 10:06:39.105 | INFO     | cpp_client:_do_connect:94 - Connecting to C++ backend at ws://localhost:9000/
2026-04-28 10:06:43.157 | WARNING  | cpp_client:_reconnect:139 - Reconnect attempt failed: Could not connect to C++ backend at ws://localhost:9000/: [WinError 1225] 远程计算机拒绝网络连接。
2026-04-28 10:06:43.157 | INFO     | cpp_client:_reconnect:130 - Reconnecting to C++ backend in 3.0s …
2026-04-28 10:06:46.164 | INFO     | cpp_client:_do_connect:94 - Connecting to C++ backend at ws://localhost:9000/
2026-04-28 10:06:50.749 | INFO     | cpp_client:_do_connect:94 - Connecting to C++ backend at ws://localhost:9000/
2026-04-28 10:06:54.829 | WARNING  | cpp_client:_reconnect:139 - Reconnect attempt failed: Could not connect to C++ backend at ws://localhost:9000/: [WinError 1225] 远程计算机拒绝网络连接。
2026-04-28 10:06:54.829 | INFO     | cpp_client:_reconnect:130 - Reconnecting to C++ backend in 3.0s …
2026-04-28 10:06:57.832 | INFO     | cpp_client:_do_connect:94 - Connecting to C++ backend at ws://localhost:9000/
2026-04-28 10:07:02.397 | INFO     | cpp_client:_do_connect:94 - Connecting to C++ backend at ws://localhost:9000/
2026-04-28 10:07:06.479 | WARNING  | cpp_client:_reconnect:139 - Reconnect attempt failed: Could not connect to C++ backend at ws://localhost:9000/: [WinError 1225] 远程计算机拒绝网络连接。
2026-04-28 10:07:06.481 | INFO     | cpp_client:_reconnect:130 - Reconnecting to C++ backend in 3.0s …
2026-04-28 10:07:09.481 | INFO     | cpp_client:_do_connect:94 - Connecting to C++ backend at ws://localhost:9000/
2026-04-28 10:07:14.072 | INFO     | cpp_client:_do_connect:94 - Connecting to C++ backend at ws://localhost:9000/
2026-04-28 10:07:18.152 | WARNING  | cpp_client:_reconnect:139 - Reconnect attempt failed: Could not connect to C++ backend at ws://localhost:9000/: [WinError 1225] 远程计算机拒绝网络连接。
2026-04-28 10:07:18.153 | INFO     | cpp_client:_reconnect:130 - Reconnecting to C++ backend in 3.0s …
2026-04-28 10:07:21.159 | INFO     | cpp_client:_do_connect:94 - Connecting to C++ backend at ws://localhost:9000/
2026-04-28 10:07:25.728 | INFO     | cpp_client:_do_connect:94 - Connecting to C++ backend at ws://localhost:9000/
2026-04-28 10:07:29.812 | WARNING  | cpp_client:_reconnect:139 - Reconnect attempt failed: Could not connect to C++ backend at ws://localhost:9000/: [WinError 1225] 远程计算机拒绝网络连接。
2026-04-28 10:07:29.812 | INFO     | cpp_client:_reconnect:130 - Reconnecting to C++ backend in 3.0s …
2026-04-28 10:07:32.817 | INFO     | cpp_client:_do_connect:94 - Connecting to C++ backend at ws://localhost:9000/
2026-04-28 10:07:37.410 | INFO     | cpp_client:_do_connect:94 - Connecting to C++ backend at ws://localhost:9000/
2026-04-28 10:07:41.482 | WARNING  | cpp_client:_reconnect:139 - Reconnect attempt failed: Could not connect to C++ backend at ws://localhost:9000/: [WinError 1225] 远程计算机拒绝网络连接。
2026-04-28 10:07:41.482 | INFO     | cpp_client:_reconnect:130 - Reconnecting to C++ backend in 3.0s …
2026-04-28 10:07:44.487 | INFO     | cpp_client:_do_connect:94 - Connecting to C++ backend at ws://localhost:9000/
2026-04-28 10:07:49.080 | INFO     | cpp_client:_do_connect:94 - Connecting to C++ backend at ws://localhost:9000/
2026-04-28 10:07:53.162 | WARNING  | cpp_client:_reconnect:139 - Reconnect attempt failed: Could not connect to C++ backend at ws://localhost:9000/: [WinError 1225] 远程计算机拒绝网络连接。
2026-04-28 10:07:53.163 | INFO     | cpp_client:_reconnect:130 - Reconnecting to C++ backend in 3.0s …
2026-04-28 10:07:56.177 | INFO     | cpp_client:_do_connect:94 - Connecting to C++ backend at ws://localhost:9000/
2026-04-28 10:08:00.773 | INFO     | cpp_client:_do_connect:94 - Connecting to C++ backend at ws://localhost:9000/
2026-04-28 10:08:04.861 | WARNING  | cpp_client:_reconnect:139 - Reconnect attempt failed: Could not connect to C++ backend at ws://localhost:9000/: [WinError 1225] 远程计算机拒绝网络连接。
2026-04-28 10:08:04.861 | INFO     | cpp_client:_reconnect:130 - Reconnecting to C++ backend in 3.0s …
2026-04-28 10:08:07.870 | INFO     | cpp_client:_do_connect:94 - Connecting to C++ backend at ws://localhost:9000/
2026-04-28 10:08:12.434 | INFO     | cpp_client:_do_connect:94 - Connecting to C++ backend at ws://localhost:9000/
2026-04-28 10:08:16.499 | WARNING  | cpp_client:_reconnect:139 - Reconnect attempt failed: Could not connect to C++ backend at ws://localhost:9000/: [WinError 1225] 远程计算机拒绝网络连接。
2026-04-28 10:08:16.499 | INFO     | cpp_client:_reconnect:130 - Reconnecting to C++ backend in 3.0s …
2026-04-28 10:08:19.505 | INFO     | cpp_client:_do_connect:94 - Connecting to C++ backend at ws://localhost:9000/
2026-04-28 10:08:24.069 | INFO     | cpp_client:_do_connect:94 - Connecting to C++ backend at ws://localhost:9000/
2026-04-28 10:08:28.143 | WARNING  | cpp_client:_reconnect:139 - Reconnect attempt failed: Could not connect to C++ backend at ws://localhost:9000/: [WinError 1225] 远程计算机拒绝网络连接。
2026-04-28 10:08:28.144 | INFO     | cpp_client:_reconnect:130 - Reconnecting to C++ backend in 3.0s …
2026-04-28 10:08:31.145 | INFO     | cpp_client:_do_connect:94 - Connecting to C++ backend at ws://localhost:9000/
2026-04-28 10:08:35.709 | INFO     | cpp_client:_do_connect:94 - Connecting to C++ backend at ws://localhost:9000/
2026-04-28 10:08:39.777 | WARNING  | cpp_client:_reconnect:139 - Reconnect attempt failed: Could not connect to C++ backend at ws://localhost:9000/: [WinError 1225] 远程计算机拒绝网络连接。
2026-04-28 10:08:39.779 | INFO     | cpp_client:_reconnect:130 - Reconnecting to C++ backend in 3.0s …
2026-04-28 10:08:42.781 | INFO     | cpp_client:_do_connect:94 - Connecting to C++ backend at ws://localhost:9000/
2026-04-28 10:08:47.343 | INFO     | cpp_client:_do_connect:94 - Connecting to C++ backend at ws://localhost:9000/
2026-04-28 10:08:51.403 | WARNING  | cpp_client:_reconnect:139 - Reconnect attempt failed: Could not connect to C++ backend at ws://localhost:9000/: [WinError 1225] 远程计算机拒绝网络连接。
2026-04-28 10:08:51.404 | INFO     | cpp_client:_reconnect:130 - Reconnecting to C++ backend in 3.0s …
2026-04-28 10:08:54.407 | INFO     | cpp_client:_do_connect:94 - Connecting to C++ backend at ws://localhost:9000/
2026-04-28 10:08:58.967 | INFO     | cpp_client:_do_connect:94 - Connecting to C++ backend at ws://localhost:9000/
2026-04-28 10:09:03.009 | WARNING  | cpp_client:_reconnect:139 - Reconnect attempt failed: Could not connect to C++ backend at ws://localhost:9000/: [WinError 1225] 远程计算机拒绝网络连接。
2026-04-28 10:09:03.009 | INFO     | cpp_client:_reconnect:130 - Reconnecting to C++ backend in 3.0s …
2026-04-28 10:09:06.023 | INFO     | cpp_client:_do_connect:94 - Connecting to C++ backend at ws://localhost:9000/
2026-04-28 10:09:10.577 | INFO     | cpp_client:_do_connect:94 - Connecting to C++ backend at ws://localhost:9000/
2026-04-28 10:09:14.623 | WARNING  | cpp_client:_reconnect:139 - Reconnect attempt failed: Could not connect to C++ backend at ws://localhost:9000/: [WinError 1225] 远程计算机拒绝网络连接。
2026-04-28 10:09:14.623 | INFO     | cpp_client:_reconnect:130 - Reconnecting to C++ backend in 3.0s …
2026-04-28 10:09:17.637 | INFO     | cpp_client:_do_connect:94 - Connecting to C++ backend at ws://localhost:9000/
2026-04-28 10:09:22.194 | INFO     | cpp_client:_do_connect:94 - Connecting to C++ backend at ws://localhost:9000/
2026-04-28 10:09:26.259 | WARNING  | cpp_client:_reconnect:139 - Reconnect attempt failed: Could not connect to C++ backend at ws://localhost:9000/: [WinError 1225] 远程计算机拒绝网络连接。
2026-04-28 10:09:26.259 | INFO     | cpp_client:_reconnect:130 - Reconnecting to C++ backend in 3.0s …
2026-04-28 10:09:29.267 | INFO     | cpp_client:_do_connect:94 - Connecting to C++ backend at ws://localhost:9000/
2026-04-28 10:09:33.820 | INFO     | cpp_client:_do_connect:94 - Connecting to C++ backend at ws://localhost:9000/
2026-04-28 10:09:37.858 | WARNING  | cpp_client:_reconnect:139 - Reconnect attempt failed: Could not connect to C++ backend at ws://localhost:9000/: [WinError 1225] 远程计算机拒绝网络连接。
2026-04-28 10:09:37.858 | INFO     | cpp_client:_reconnect:130 - Reconnecting to C++ backend in 3.0s …
2026-04-28 10:09:40.869 | INFO     | cpp_client:_do_connect:94 - Connecting to C++ backend at ws://localhost:9000/
2026-04-28 10:09:45.422 | INFO     | cpp_client:_do_connect:94 - Connecting to C++ backend at ws://localhost:9000/
2026-04-28 10:09:49.465 | WARNING  | cpp_client:_reconnect:139 - Reconnect attempt failed: Could not connect to C++ backend at ws://localhost:9000/: [WinError 1225] 远程计算机拒绝网络连接。
2026-04-28 10:09:49.465 | INFO     | cpp_client:_reconnect:130 - Reconnecting to C++ backend in 3.0s …
2026-04-28 10:09:52.470 | INFO     | cpp_client:_do_connect:94 - Connecting to C++ backend at ws://localhost:9000/
2026-04-28 10:09:57.018 | INFO     | cpp_client:_do_connect:94 - Connecting to C++ backend at ws://localhost:9000/
2026-04-28 10:10:00.581 | INFO     | cpp_client:_do_connect:111 - Connected to C++ backend
2026-04-28 10:10:00.581 | INFO     | cpp_client:_reconnect:136 - Reconnected to C++ backend
2026-04-28 10:12:04.853 | WARNING  | cpp_client:_receive_loop:120 - C++ backend connection closed: no close frame received or sent
2026-04-28 10:12:04.853 | INFO     | cpp_client:_reconnect:130 - Reconnecting to C++ backend in 3.0s …
2026-04-28 10:12:07.863 | INFO     | cpp_client:_do_connect:94 - Connecting to C++ backend at ws://localhost:9000/
2026-04-28 10:12:12.411 | INFO     | cpp_client:_do_connect:94 - Connecting to C++ backend at ws://localhost:9000/
2026-04-28 10:12:16.445 | WARNING  | cpp_client:_reconnect:139 - Reconnect attempt failed: Could not connect to C++ backend at ws://localhost:9000/: [WinError 1225] 远程计算机拒绝网络连接。
2026-04-28 10:12:16.447 | INFO     | cpp_client:_reconnect:130 - Reconnecting to C++ backend in 3.0s …
2026-04-28 10:12:19.462 | INFO     | cpp_client:_do_connect:94 - Connecting to C++ backend at ws://localhost:9000/
2026-04-28 10:12:24.048 | INFO     | cpp_client:_do_connect:94 - Connecting to C++ backend at ws://localhost:9000/
2026-04-28 10:12:28.111 | WARNING  | cpp_client:_reconnect:139 - Reconnect attempt failed: Could not connect to C++ backend at ws://localhost:9000/: [WinError 1225] 远程计算机拒绝网络连接。
2026-04-28 10:12:28.111 | INFO     | cpp_client:_reconnect:130 - Reconnecting to C++ backend in 3.0s …
2026-04-28 10:12:31.127 | INFO     | cpp_client:_do_connect:94 - Connecting to C++ backend at ws://localhost:9000/
2026-04-28 10:12:35.704 | INFO     | cpp_client:_do_connect:94 - Connecting to C++ backend at ws://localhost:9000/
2026-04-28 10:12:39.807 | WARNING  | cpp_client:_reconnect:139 - Reconnect attempt failed: Could not connect to C++ backend at ws://localhost:9000/: [WinError 1225] 远程计算机拒绝网络连接。
2026-04-28 10:12:39.808 | INFO     | cpp_client:_reconnect:130 - Reconnecting to C++ backend in 3.0s …
2026-04-28 10:12:42.818 | INFO     | cpp_client:_do_connect:94 - Connecting to C++ backend at ws://localhost:9000/
2026-04-28 10:12:47.405 | INFO     | cpp_client:_do_connect:94 - Connecting to C++ backend at ws://localhost:9000/
2026-04-28 10:12:51.497 | WARNING  | cpp_client:_reconnect:139 - Reconnect attempt failed: Could not connect to C++ backend at ws://localhost:9000/: [WinError 1225] 远程计算机拒绝网络连接。
2026-04-28 10:12:51.498 | INFO     | cpp_client:_reconnect:130 - Reconnecting to C++ backend in 3.0s …
2026-04-28 10:12:54.504 | INFO     | cpp_client:_do_connect:94 - Connecting to C++ backend at ws://localhost:9000/
2026-04-28 10:12:59.101 | INFO     | cpp_client:_do_connect:94 - Connecting to C++ backend at ws://localhost:9000/
2026-04-28 10:13:03.189 | WARNING  | cpp_client:_reconnect:139 - Reconnect attempt failed: Could not connect to C++ backend at ws://localhost:9000/: [WinError 1225] 远程计算机拒绝网络连接。
2026-04-28 10:13:03.190 | INFO     | cpp_client:_reconnect:130 - Reconnecting to C++ backend in 3.0s …
2026-04-28 10:13:06.204 | INFO     | cpp_client:_do_connect:94 - Connecting to C++ backend at ws://localhost:9000/
2026-04-28 10:13:10.791 | INFO     | cpp_client:_do_connect:94 - Connecting to C++ backend at ws://localhost:9000/
2026-04-28 10:13:14.885 | WARNING  | cpp_client:_reconnect:139 - Reconnect attempt failed: Could not connect to C++ backend at ws://localhost:9000/: [WinError 1225] 远程计算机拒绝网络连接。
2026-04-28 10:13:14.885 | INFO     | cpp_client:_reconnect:130 - Reconnecting to C++ backend in 3.0s …
2026-04-28 10:13:17.894 | INFO     | cpp_client:_do_connect:94 - Connecting to C++ backend at ws://localhost:9000/
2026-04-28 10:13:22.466 | INFO     | cpp_client:_do_connect:94 - Connecting to C++ backend at ws://localhost:9000/
2026-04-28 10:13:26.546 | WARNING  | cpp_client:_reconnect:139 - Reconnect attempt failed: Could not connect to C++ backend at ws://localhost:9000/: [WinError 1225] 远程计算机拒绝网络连接。
2026-04-28 10:13:26.548 | INFO     | cpp_client:_reconnect:130 - Reconnecting to C++ backend in 3.0s …
2026-04-28 10:13:29.553 | INFO     | cpp_client:_do_connect:94 - Connecting to C++ backend at ws://localhost:9000/
2026-04-28 10:13:34.137 | INFO     | cpp_client:_do_connect:94 - Connecting to C++ backend at ws://localhost:9000/
2026-04-28 10:13:38.246 | WARNING  | cpp_client:_reconnect:139 - Reconnect attempt failed: Could not connect to C++ backend at ws://localhost:9000/: [WinError 1225] 远程计算机拒绝网络连接。
2026-04-28 10:13:38.248 | INFO     | cpp_client:_reconnect:130 - Reconnecting to C++ backend in 3.0s …
2026-04-28 10:13:41.255 | INFO     | cpp_client:_do_connect:94 - Connecting to C++ backend at ws://localhost:9000/
2026-04-28 10:13:45.846 | INFO     | cpp_client:_do_connect:94 - Connecting to C++ backend at ws://localhost:9000/
2026-04-28 10:13:49.918 | WARNING  | cpp_client:_reconnect:139 - Reconnect attempt failed: Could not connect to C++ backend at ws://localhost:9000/: [WinError 1225] 远程计算机拒绝网络连接。
2026-04-28 10:13:49.918 | INFO     | cpp_client:_reconnect:130 - Reconnecting to C++ backend in 3.0s …
2026-04-28 10:13:52.931 | INFO     | cpp_client:_do_connect:94 - Connecting to C++ backend at ws://localhost:9000/
2026-04-28 10:13:57.533 | INFO     | cpp_client:_do_connect:94 - Connecting to C++ backend at ws://localhost:9000/
2026-04-28 10:14:01.641 | WARNING  | cpp_client:_reconnect:139 - Reconnect attempt failed: Could not connect to C++ backend at ws://localhost:9000/: [WinError 1225] 远程计算机拒绝网络连接。
2026-04-28 10:14:01.643 | INFO     | cpp_client:_reconnect:130 - Reconnecting to C++ backend in 3.0s …
2026-04-28 10:14:04.649 | INFO     | cpp_client:_do_connect:94 - Connecting to C++ backend at ws://localhost:9000/
2026-04-28 10:14:09.250 | INFO     | cpp_client:_do_connect:94 - Connecting to C++ backend at ws://localhost:9000/
2026-04-28 10:14:13.327 | WARNING  | cpp_client:_reconnect:139 - Reconnect attempt failed: Could not connect to C++ backend at ws://localhost:9000/: [WinError 1225] 远程计算机拒绝网络连接。
2026-04-28 10:14:13.328 | INFO     | cpp_client:_reconnect:130 - Reconnecting to C++ backend in 3.0s …
2026-04-28 10:14:16.338 | INFO     | cpp_client:_do_connect:94 - Connecting to C++ backend at ws://localhost:9000/
2026-04-28 10:14:20.925 | INFO     | cpp_client:_do_connect:94 - Connecting to C++ backend at ws://localhost:9000/
2026-04-28 10:14:25.019 | WARNING  | cpp_client:_reconnect:139 - Reconnect attempt failed: Could not connect to C++ backend at ws://localhost:9000/: [WinError 1225] 远程计算机拒绝网络连接。
2026-04-28 10:14:25.020 | INFO     | cpp_client:_reconnect:130 - Reconnecting to C++ backend in 3.0s …
2026-04-28 10:14:28.034 | INFO     | cpp_client:_do_connect:94 - Connecting to C++ backend at ws://localhost:9000/
2026-04-28 10:14:32.646 | INFO     | cpp_client:_do_connect:94 - Connecting to C++ backend at ws://localhost:9000/
2026-04-28 10:14:36.732 | WARNING  | cpp_client:_reconnect:139 - Reconnect attempt failed: Could not connect to C++ backend at ws://localhost:9000/: [WinError 1225] 远程计算机拒绝网络连接。
2026-04-28 10:14:36.732 | INFO     | cpp_client:_reconnect:130 - Reconnecting to C++ backend in 3.0s …
2026-04-28 10:14:39.741 | INFO     | cpp_client:_do_connect:94 - Connecting to C++ backend at ws://localhost:9000/
2026-04-28 10:14:44.316 | INFO     | cpp_client:_do_connect:94 - Connecting to C++ backend at ws://localhost:9000/
2026-04-28 10:14:48.410 | WARNING  | cpp_client:_reconnect:139 - Reconnect attempt failed: Could not connect to C++ backend at ws://localhost:9000/: [WinError 1225] 远程计算机拒绝网络连接。
2026-04-28 10:14:48.410 | INFO     | cpp_client:_reconnect:130 - Reconnecting to C++ backend in 3.0s …
2026-04-28 10:14:51.426 | INFO     | cpp_client:_do_connect:94 - Connecting to C++ backend at ws://localhost:9000/
2026-04-28 10:14:56.025 | INFO     | cpp_client:_do_connect:94 - Connecting to C++ backend at ws://localhost:9000/
2026-04-28 10:15:00.104 | WARNING  | cpp_client:_reconnect:139 - Reconnect attempt failed: Could not connect to C++ backend at ws://localhost:9000/: [WinError 1225] 远程计算机拒绝网络连接。
2026-04-28 10:15:00.104 | INFO     | cpp_client:_reconnect:130 - Reconnecting to C++ backend in 3.0s …
2026-04-28 10:15:03.115 | INFO     | cpp_client:_do_connect:94 - Connecting to C++ backend at ws://localhost:9000/
2026-04-28 10:15:07.701 | INFO     | cpp_client:_do_connect:94 - Connecting to C++ backend at ws://localhost:9000/
2026-04-28 10:15:11.798 | WARNING  | cpp_client:_reconnect:139 - Reconnect attempt failed: Could not connect to C++ backend at ws://localhost:9000/: [WinError 1225] 远程计算机拒绝网络连接。
2026-04-28 10:15:11.798 | INFO     | cpp_client:_reconnect:130 - Reconnecting to C++ backend in 3.0s …
2026-04-28 10:15:14.803 | INFO     | cpp_client:_do_connect:94 - Connecting to C++ backend at ws://localhost:9000/
2026-04-28 10:15:19.394 | INFO     | cpp_client:_do_connect:94 - Connecting to C++ backend at ws://localhost:9000/
2026-04-28 10:15:23.471 | WARNING  | cpp_client:_reconnect:139 - Reconnect attempt failed: Could not connect to C++ backend at ws://localhost:9000/: [WinError 1225] 远程计算机拒绝网络连接。
2026-04-28 10:15:23.471 | INFO     | cpp_client:_reconnect:130 - Reconnecting to C++ backend in 3.0s …
2026-04-28 10:15:26.472 | INFO     | cpp_client:_do_connect:94 - Connecting to C++ backend at ws://localhost:9000/
2026-04-28 10:15:31.074 | INFO     | cpp_client:_do_connect:94 - Connecting to C++ backend at ws://localhost:9000/
2026-04-28 10:15:35.149 | WARNING  | cpp_client:_reconnect:139 - Reconnect attempt failed: Could not connect to C++ backend at ws://localhost:9000/: [WinError 1225] 远程计算机拒绝网络连接。
2026-04-28 10:15:35.149 | INFO     | cpp_client:_reconnect:130 - Reconnecting to C++ backend in 3.0s …
2026-04-28 10:15:38.161 | INFO     | cpp_client:_do_connect:94 - Connecting to C++ backend at ws://localhost:9000/
2026-04-28 10:15:42.739 | INFO     | cpp_client:_do_connect:94 - Connecting to C++ backend at ws://localhost:9000/
2026-04-28 10:15:46.814 | WARNING  | cpp_client:_reconnect:139 - Reconnect attempt failed: Could not connect to C++ backend at ws://localhost:9000/: [WinError 1225] 远程计算机拒绝网络连接。
2026-04-28 10:15:46.814 | INFO     | cpp_client:_reconnect:130 - Reconnecting to C++ backend in 3.0s …
2026-04-28 10:15:49.826 | INFO     | cpp_client:_do_connect:94 - Connecting to C++ backend at ws://localhost:9000/
2026-04-28 10:15:54.389 | INFO     | cpp_client:_do_connect:94 - Connecting to C++ backend at ws://localhost:9000/
2026-04-28 10:15:58.457 | WARNING  | cpp_client:_reconnect:139 - Reconnect attempt failed: Could not connect to C++ backend at ws://localhost:9000/: [WinError 1225] 远程计算机拒绝网络连接。
2026-04-28 10:15:58.457 | INFO     | cpp_client:_reconnect:130 - Reconnecting to C++ backend in 3.0s …
2026-04-28 10:16:01.464 | INFO     | cpp_client:_do_connect:94 - Connecting to C++ backend at ws://localhost:9000/
2026-04-28 10:16:06.045 | INFO     | cpp_client:_do_connect:94 - Connecting to C++ backend at ws://localhost:9000/
2026-04-28 10:16:10.124 | WARNING  | cpp_client:_reconnect:139 - Reconnect attempt failed: Could not connect to C++ backend at ws://localhost:9000/: [WinError 1225] 远程计算机拒绝网络连接。
2026-04-28 10:16:10.124 | INFO     | cpp_client:_reconnect:130 - Reconnecting to C++ backend in 3.0s …
2026-04-28 10:16:13.137 | INFO     | cpp_client:_do_connect:94 - Connecting to C++ backend at ws://localhost:9000/
2026-04-28 10:16:17.727 | INFO     | cpp_client:_do_connect:94 - Connecting to C++ backend at ws://localhost:9000/
2026-04-28 10:16:21.809 | WARNING  | cpp_client:_reconnect:139 - Reconnect attempt failed: Could not connect to C++ backend at ws://localhost:9000/: [WinError 1225] 远程计算机拒绝网络连接。
2026-04-28 10:16:21.809 | INFO     | cpp_client:_reconnect:130 - Reconnecting to C++ backend in 3.0s …
2026-04-28 10:16:24.823 | INFO     | cpp_client:_do_connect:94 - Connecting to C++ backend at ws://localhost:9000/
2026-04-28 10:16:29.394 | INFO     | cpp_client:_do_connect:94 - Connecting to C++ backend at ws://localhost:9000/
2026-04-28 10:16:33.433 | WARNING  | cpp_client:_reconnect:139 - Reconnect attempt failed: Could not connect to C++ backend at ws://localhost:9000/: [WinError 1225] 远程计算机拒绝网络连接。
2026-04-28 10:16:33.433 | INFO     | cpp_client:_reconnect:130 - Reconnecting to C++ backend in 3.0s …
2026-04-28 10:16:36.437 | INFO     | cpp_client:_do_connect:94 - Connecting to C++ backend at ws://localhost:9000/
2026-04-28 10:16:41.004 | INFO     | cpp_client:_do_connect:94 - Connecting to C++ backend at ws://localhost:9000/
2026-04-28 10:16:45.091 | WARNING  | cpp_client:_reconnect:139 - Reconnect attempt failed: Could not connect to C++ backend at ws://localhost:9000/: [WinError 1225] 远程计算机拒绝网络连接。
2026-04-28 10:16:45.091 | INFO     | cpp_client:_reconnect:130 - Reconnecting to C++ backend in 3.0s …
2026-04-28 10:16:48.095 | INFO     | cpp_client:_do_connect:94 - Connecting to C++ backend at ws://localhost:9000/
2026-04-28 10:16:52.664 | INFO     | cpp_client:_do_connect:94 - Connecting to C++ backend at ws://localhost:9000/
2026-04-28 10:16:56.707 | WARNING  | cpp_client:_reconnect:139 - Reconnect attempt failed: Could not connect to C++ backend at ws://localhost:9000/: [WinError 1225] 远程计算机拒绝网络连接。
2026-04-28 10:16:56.707 | INFO     | cpp_client:_reconnect:130 - Reconnecting to C++ backend in 3.0s …
2026-04-28 10:16:59.715 | INFO     | cpp_client:_do_connect:94 - Connecting to C++ backend at ws://localhost:9000/
2026-04-28 10:17:04.234 | INFO     | cpp_client:_do_connect:94 - Connecting to C++ backend at ws://localhost:9000/
2026-04-28 10:17:08.273 | WARNING  | cpp_client:_reconnect:139 - Reconnect attempt failed: Could not connect to C++ backend at ws://localhost:9000/: [WinError 1225] 远程计算机拒绝网络连接。
2026-04-28 10:17:08.273 | INFO     | cpp_client:_reconnect:130 - Reconnecting to C++ backend in 3.0s …
2026-04-28 10:17:11.285 | INFO     | cpp_client:_do_connect:94 - Connecting to C++ backend at ws://localhost:9000/
2026-04-28 10:17:15.836 | INFO     | cpp_client:_do_connect:94 - Connecting to C++ backend at ws://localhost:9000/
2026-04-28 10:17:19.878 | WARNING  | cpp_client:_reconnect:139 - Reconnect attempt failed: Could not connect to C++ backend at ws://localhost:9000/: [WinError 1225] 远程计算机拒绝网络连接。
2026-04-28 10:17:19.878 | INFO     | cpp_client:_reconnect:130 - Reconnecting to C++ backend in 3.0s …
2026-04-28 10:17:22.886 | INFO     | cpp_client:_do_connect:94 - Connecting to C++ backend at ws://localhost:9000/
2026-04-28 10:17:27.430 | INFO     | cpp_client:_do_connect:94 - Connecting to C++ backend at ws://localhost:9000/
2026-04-28 10:17:31.483 | WARNING  | cpp_client:_reconnect:139 - Reconnect attempt failed: Could not connect to C++ backend at ws://localhost:9000/: [WinError 1225] 远程计算机拒绝网络连接。
2026-04-28 10:17:31.483 | INFO     | cpp_client:_reconnect:130 - Reconnecting to C++ backend in 3.0s …
2026-04-28 10:17:34.488 | INFO     | cpp_client:_do_connect:94 - Connecting to C++ backend at ws://localhost:9000/
2026-04-28 10:17:39.067 | INFO     | cpp_client:_do_connect:94 - Connecting to C++ backend at ws://localhost:9000/
2026-04-28 10:17:43.148 | WARNING  | cpp_client:_reconnect:139 - Reconnect attempt failed: Could not connect to C++ backend at ws://localhost:9000/: [WinError 1225] 远程计算机拒绝网络连接。
2026-04-28 10:17:43.148 | INFO     | cpp_client:_reconnect:130 - Reconnecting to C++ backend in 3.0s …
2026-04-28 10:17:46.157 | INFO     | cpp_client:_do_connect:94 - Connecting to C++ backend at ws://localhost:9000/
2026-04-28 10:17:50.730 | INFO     | cpp_client:_do_connect:94 - Connecting to C++ backend at ws://localhost:9000/
2026-04-28 10:17:54.820 | WARNING  | cpp_client:_reconnect:139 - Reconnect attempt failed: Could not connect to C++ backend at ws://localhost:9000/: [WinError 1225] 远程计算机拒绝网络连接。
2026-04-28 10:17:54.820 | INFO     | cpp_client:_reconnect:130 - Reconnecting to C++ backend in 3.0s …
2026-04-28 10:17:57.836 | INFO     | cpp_client:_do_connect:94 - Connecting to C++ backend at ws://localhost:9000/
2026-04-28 10:18:02.425 | INFO     | cpp_client:_do_connect:94 - Connecting to C++ backend at ws://localhost:9000/
2026-04-28 10:18:06.527 | WARNING  | cpp_client:_reconnect:139 - Reconnect attempt failed: Could not connect to C++ backend at ws://localhost:9000/: [WinError 1225] 远程计算机拒绝网络连接。
2026-04-28 10:18:06.527 | INFO     | cpp_client:_reconnect:130 - Reconnecting to C++ backend in 3.0s …
2026-04-28 10:18:09.539 | INFO     | cpp_client:_do_connect:94 - Connecting to C++ backend at ws://localhost:9000/
2026-04-28 10:18:14.116 | INFO     | cpp_client:_do_connect:94 - Connecting to C++ backend at ws://localhost:9000/
2026-04-28 10:18:18.188 | WARNING  | cpp_client:_reconnect:139 - Reconnect attempt failed: Could not connect to C++ backend at ws://localhost:9000/: [WinError 1225] 远程计算机拒绝网络连接。
2026-04-28 10:18:18.188 | INFO     | cpp_client:_reconnect:130 - Reconnecting to C++ backend in 3.0s …
2026-04-28 10:18:21.203 | INFO     | cpp_client:_do_connect:94 - Connecting to C++ backend at ws://localhost:9000/
2026-04-28 10:18:25.801 | INFO     | cpp_client:_do_connect:94 - Connecting to C++ backend at ws://localhost:9000/
2026-04-28 10:18:29.902 | WARNING  | cpp_client:_reconnect:139 - Reconnect attempt failed: Could not connect to C++ backend at ws://localhost:9000/: [WinError 1225] 远程计算机拒绝网络连接。
2026-04-28 10:18:29.902 | INFO     | cpp_client:_reconnect:130 - Reconnecting to C++ backend in 3.0s …
2026-04-28 10:18:32.911 | INFO     | cpp_client:_do_connect:94 - Connecting to C++ backend at ws://localhost:9000/
2026-04-28 10:18:37.497 | INFO     | cpp_client:_do_connect:94 - Connecting to C++ backend at ws://localhost:9000/
2026-04-28 10:18:41.593 | WARNING  | cpp_client:_reconnect:139 - Reconnect attempt failed: Could not connect to C++ backend at ws://localhost:9000/: [WinError 1225] 远程计算机拒绝网络连接。
2026-04-28 10:18:41.593 | INFO     | cpp_client:_reconnect:130 - Reconnecting to C++ backend in 3.0s …
2026-04-28 10:18:44.604 | INFO     | cpp_client:_do_connect:94 - Connecting to C++ backend at ws://localhost:9000/
2026-04-28 10:18:49.182 | INFO     | cpp_client:_do_connect:94 - Connecting to C++ backend at ws://localhost:9000/
2026-04-28 10:18:53.258 | WARNING  | cpp_client:_reconnect:139 - Reconnect attempt failed: Could not connect to C++ backend at ws://localhost:9000/: [WinError 1225] 远程计算机拒绝网络连接。
2026-04-28 10:18:53.259 | INFO     | cpp_client:_reconnect:130 - Reconnecting to C++ backend in 3.0s …
2026-04-28 10:18:56.262 | INFO     | cpp_client:_do_connect:94 - Connecting to C++ backend at ws://localhost:9000/
2026-04-28 10:19:00.856 | INFO     | cpp_client:_do_connect:94 - Connecting to C++ backend at ws://localhost:9000/
2026-04-28 10:19:04.955 | WARNING  | cpp_client:_reconnect:139 - Reconnect attempt failed: Could not connect to C++ backend at ws://localhost:9000/: [WinError 1225] 远程计算机拒绝网络连接。
2026-04-28 10:19:04.955 | INFO     | cpp_client:_reconnect:130 - Reconnecting to C++ backend in 3.0s …
2026-04-28 10:19:07.958 | INFO     | cpp_client:_do_connect:94 - Connecting to C++ backend at ws://localhost:9000/
2026-04-28 10:19:12.564 | INFO     | cpp_client:_do_connect:94 - Connecting to C++ backend at ws://localhost:9000/
2026-04-28 10:19:16.648 | WARNING  | cpp_client:_reconnect:139 - Reconnect attempt failed: Could not connect to C++ backend at ws://localhost:9000/: [WinError 1225] 远程计算机拒绝网络连接。
2026-04-28 10:19:16.648 | INFO     | cpp_client:_reconnect:130 - Reconnecting to C++ backend in 3.0s …
2026-04-28 10:19:19.664 | INFO     | cpp_client:_do_connect:94 - Connecting to C++ backend at ws://localhost:9000/
2026-04-28 10:19:24.256 | INFO     | cpp_client:_do_connect:94 - Connecting to C++ backend at ws://localhost:9000/
2026-04-28 10:19:28.342 | WARNING  | cpp_client:_reconnect:139 - Reconnect attempt failed: Could not connect to C++ backend at ws://localhost:9000/: [WinError 1225] 远程计算机拒绝网络连接。
2026-04-28 10:19:28.342 | INFO     | cpp_client:_reconnect:130 - Reconnecting to C++ backend in 3.0s …
2026-04-28 10:19:31.344 | INFO     | cpp_client:_do_connect:94 - Connecting to C++ backend at ws://localhost:9000/
2026-04-28 10:19:35.933 | INFO     | cpp_client:_do_connect:94 - Connecting to C++ backend at ws://localhost:9000/
2026-04-28 10:19:40.006 | WARNING  | cpp_client:_reconnect:139 - Reconnect attempt failed: Could not connect to C++ backend at ws://localhost:9000/: [WinError 1225] 远程计算机拒绝网络连接。
2026-04-28 10:19:40.008 | INFO     | cpp_client:_reconnect:130 - Reconnecting to C++ backend in 3.0s …
2026-04-28 10:19:43.015 | INFO     | cpp_client:_do_connect:94 - Connecting to C++ backend at ws://localhost:9000/
2026-04-28 10:19:47.624 | INFO     | cpp_client:_do_connect:94 - Connecting to C++ backend at ws://localhost:9000/
2026-04-28 10:19:51.684 | WARNING  | cpp_client:_reconnect:139 - Reconnect attempt failed: Could not connect to C++ backend at ws://localhost:9000/: [WinError 1225] 远程计算机拒绝网络连接。
2026-04-28 10:19:51.684 | INFO     | cpp_client:_reconnect:130 - Reconnecting to C++ backend in 3.0s …
2026-04-28 10:19:54.691 | INFO     | cpp_client:_do_connect:94 - Connecting to C++ backend at ws://localhost:9000/
2026-04-28 10:19:59.301 | INFO     | cpp_client:_do_connect:94 - Connecting to C++ backend at ws://localhost:9000/
2026-04-28 10:20:03.389 | WARNING  | cpp_client:_reconnect:139 - Reconnect attempt failed: Could not connect to C++ backend at ws://localhost:9000/: [WinError 1225] 远程计算机拒绝网络连接。
2026-04-28 10:20:03.389 | INFO     | cpp_client:_reconnect:130 - Reconnecting to C++ backend in 3.0s …
2026-04-28 10:20:06.392 | INFO     | cpp_client:_do_connect:94 - Connecting to C++ backend at ws://localhost:9000/
2026-04-28 10:20:10.971 | INFO     | cpp_client:_do_connect:94 - Connecting to C++ backend at ws://localhost:9000/
2026-04-28 10:20:15.039 | WARNING  | cpp_client:_reconnect:139 - Reconnect attempt failed: Could not connect to C++ backend at ws://localhost:9000/: [WinError 1225] 远程计算机拒绝网络连接。
2026-04-28 10:20:15.039 | INFO     | cpp_client:_reconnect:130 - Reconnecting to C++ backend in 3.0s …
2026-04-28 10:20:18.049 | INFO     | cpp_client:_do_connect:94 - Connecting to C++ backend at ws://localhost:9000/
2026-04-28 10:20:22.642 | INFO     | cpp_client:_do_connect:94 - Connecting to C++ backend at ws://localhost:9000/
2026-04-28 10:20:26.732 | WARNING  | cpp_client:_reconnect:139 - Reconnect attempt failed: Could not connect to C++ backend at ws://localhost:9000/: [WinError 1225] 远程计算机拒绝网络连接。
2026-04-28 10:20:26.732 | INFO     | cpp_client:_reconnect:130 - Reconnecting to C++ backend in 3.0s …
2026-04-28 10:20:29.746 | INFO     | cpp_client:_do_connect:94 - Connecting to C++ backend at ws://localhost:9000/
2026-04-28 10:20:34.354 | INFO     | cpp_client:_do_connect:94 - Connecting to C++ backend at ws://localhost:9000/
2026-04-28 10:20:38.423 | WARNING  | cpp_client:_reconnect:139 - Reconnect attempt failed: Could not connect to C++ backend at ws://localhost:9000/: [WinError 1225] 远程计算机拒绝网络连接。
2026-04-28 10:20:38.425 | INFO     | cpp_client:_reconnect:130 - Reconnecting to C++ backend in 3.0s …
2026-04-28 10:20:41.435 | INFO     | cpp_client:_do_connect:94 - Connecting to C++ backend at ws://localhost:9000/
2026-04-28 10:20:46.018 | INFO     | cpp_client:_do_connect:94 - Connecting to C++ backend at ws://localhost:9000/
2026-04-28 10:20:50.107 | WARNING  | cpp_client:_reconnect:139 - Reconnect attempt failed: Could not connect to C++ backend at ws://localhost:9000/: [WinError 1225] 远程计算机拒绝网络连接。
2026-04-28 10:20:50.107 | INFO     | cpp_client:_reconnect:130 - Reconnecting to C++ backend in 3.0s …
2026-04-28 10:20:53.111 | INFO     | cpp_client:_do_connect:94 - Connecting to C++ backend at ws://localhost:9000/
2026-04-28 10:20:57.702 | INFO     | cpp_client:_do_connect:94 - Connecting to C++ backend at ws://localhost:9000/
2026-04-28 10:21:01.789 | WARNING  | cpp_client:_reconnect:139 - Reconnect attempt failed: Could not connect to C++ backend at ws://localhost:9000/: [WinError 1225] 远程计算机拒绝网络连接。
2026-04-28 10:21:01.791 | INFO     | cpp_client:_reconnect:130 - Reconnecting to C++ backend in 3.0s …
2026-04-28 10:21:04.794 | INFO     | cpp_client:_do_connect:94 - Connecting to C++ backend at ws://localhost:9000/
2026-04-28 10:21:09.392 | INFO     | cpp_client:_do_connect:94 - Connecting to C++ backend at ws://localhost:9000/
2026-04-28 10:21:13.482 | WARNING  | cpp_client:_reconnect:139 - Reconnect attempt failed: Could not connect to C++ backend at ws://localhost:9000/: [WinError 1225] 远程计算机拒绝网络连接。
2026-04-28 10:21:13.484 | INFO     | cpp_client:_reconnect:130 - Reconnecting to C++ backend in 3.0s …
2026-04-28 10:21:16.491 | INFO     | cpp_client:_do_connect:94 - Connecting to C++ backend at ws://localhost:9000/
2026-04-28 10:21:21.062 | INFO     | cpp_client:_do_connect:94 - Connecting to C++ backend at ws://localhost:9000/
2026-04-28 10:21:25.132 | WARNING  | cpp_client:_reconnect:139 - Reconnect attempt failed: Could not connect to C++ backend at ws://localhost:9000/: [WinError 1225] 远程计算机拒绝网络连接。
2026-04-28 10:21:25.133 | INFO     | cpp_client:_reconnect:130 - Reconnecting to C++ backend in 3.0s …
2026-04-28 10:21:28.142 | INFO     | cpp_client:_do_connect:94 - Connecting to C++ backend at ws://localhost:9000/
2026-04-28 10:21:32.738 | INFO     | cpp_client:_do_connect:94 - Connecting to C++ backend at ws://localhost:9000/
2026-04-28 10:21:36.841 | WARNING  | cpp_client:_reconnect:139 - Reconnect attempt failed: Could not connect to C++ backend at ws://localhost:9000/: [WinError 1225] 远程计算机拒绝网络连接。
2026-04-28 10:21:36.841 | INFO     | cpp_client:_reconnect:130 - Reconnecting to C++ backend in 3.0s …
2026-04-28 10:21:39.845 | INFO     | cpp_client:_do_connect:94 - Connecting to C++ backend at ws://localhost:9000/
2026-04-28 10:21:44.447 | INFO     | cpp_client:_do_connect:94 - Connecting to C++ backend at ws://localhost:9000/
2026-04-28 10:21:48.518 | WARNING  | cpp_client:_reconnect:139 - Reconnect attempt failed: Could not connect to C++ backend at ws://localhost:9000/: [WinError 1225] 远程计算机拒绝网络连接。
2026-04-28 10:21:48.518 | INFO     | cpp_client:_reconnect:130 - Reconnecting to C++ backend in 3.0s …
2026-04-28 10:21:51.523 | INFO     | cpp_client:_do_connect:94 - Connecting to C++ backend at ws://localhost:9000/
2026-04-28 10:21:56.086 | INFO     | cpp_client:_do_connect:94 - Connecting to C++ backend at ws://localhost:9000/
2026-04-28 10:22:00.182 | WARNING  | cpp_client:_reconnect:139 - Reconnect attempt failed: Could not connect to C++ backend at ws://localhost:9000/: [WinError 1225] 远程计算机拒绝网络连接。
2026-04-28 10:22:00.184 | INFO     | cpp_client:_reconnect:130 - Reconnecting to C++ backend in 3.0s …
2026-04-28 10:22:03.190 | INFO     | cpp_client:_do_connect:94 - Connecting to C++ backend at ws://localhost:9000/
2026-04-28 10:22:07.788 | INFO     | cpp_client:_do_connect:94 - Connecting to C++ backend at ws://localhost:9000/
2026-04-28 10:22:11.880 | WARNING  | cpp_client:_reconnect:139 - Reconnect attempt failed: Could not connect to C++ backend at ws://localhost:9000/: [WinError 1225] 远程计算机拒绝网络连接。
2026-04-28 10:22:11.880 | INFO     | cpp_client:_reconnect:130 - Reconnecting to C++ backend in 3.0s …
2026-04-28 10:22:14.892 | INFO     | cpp_client:_do_connect:94 - Connecting to C++ backend at ws://localhost:9000/
2026-04-28 10:22:19.499 | INFO     | cpp_client:_do_connect:94 - Connecting to C++ backend at ws://localhost:9000/
2026-04-28 10:22:23.555 | WARNING  | cpp_client:_reconnect:139 - Reconnect attempt failed: Could not connect to C++ backend at ws://localhost:9000/: [WinError 1225] 远程计算机拒绝网络连接。
2026-04-28 10:22:23.556 | INFO     | cpp_client:_reconnect:130 - Reconnecting to C++ backend in 3.0s …
2026-04-28 10:22:26.557 | INFO     | cpp_client:_do_connect:94 - Connecting to C++ backend at ws://localhost:9000/
2026-04-28 10:22:31.140 | INFO     | cpp_client:_do_connect:94 - Connecting to C++ backend at ws://localhost:9000/
2026-04-28 10:22:35.233 | WARNING  | cpp_client:_reconnect:139 - Reconnect attempt failed: Could not connect to C++ backend at ws://localhost:9000/: [WinError 1225] 远程计算机拒绝网络连接。
2026-04-28 10:22:35.235 | INFO     | cpp_client:_reconnect:130 - Reconnecting to C++ backend in 3.0s …
2026-04-28 10:22:38.242 | INFO     | cpp_client:_do_connect:94 - Connecting to C++ backend at ws://localhost:9000/
2026-04-28 10:22:42.836 | INFO     | cpp_client:_do_connect:94 - Connecting to C++ backend at ws://localhost:9000/
2026-04-28 10:22:46.931 | WARNING  | cpp_client:_reconnect:139 - Reconnect attempt failed: Could not connect to C++ backend at ws://localhost:9000/: [WinError 1225] 远程计算机拒绝网络连接。
2026-04-28 10:22:46.933 | INFO     | cpp_client:_reconnect:130 - Reconnecting to C++ backend in 3.0s …
2026-04-28 10:22:49.945 | INFO     | cpp_client:_do_connect:94 - Connecting to C++ backend at ws://localhost:9000/
2026-04-28 10:22:54.550 | INFO     | cpp_client:_do_connect:94 - Connecting to C++ backend at ws://localhost:9000/
2026-04-28 10:22:58.644 | WARNING  | cpp_client:_reconnect:139 - Reconnect attempt failed: Could not connect to C++ backend at ws://localhost:9000/: [WinError 1225] 远程计算机拒绝网络连接。
2026-04-28 10:22:58.644 | INFO     | cpp_client:_reconnect:130 - Reconnecting to C++ backend in 3.0s …
2026-04-28 10:23:01.659 | INFO     | cpp_client:_do_connect:94 - Connecting to C++ backend at ws://localhost:9000/
2026-04-28 10:23:06.257 | INFO     | cpp_client:_do_connect:94 - Connecting to C++ backend at ws://localhost:9000/
2026-04-28 10:23:10.334 | WARNING  | cpp_client:_reconnect:139 - Reconnect attempt failed: Could not connect to C++ backend at ws://localhost:9000/: [WinError 1225] 远程计算机拒绝网络连接。
2026-04-28 10:23:10.335 | INFO     | cpp_client:_reconnect:130 - Reconnecting to C++ backend in 3.0s …
2026-04-28 10:23:13.344 | INFO     | cpp_client:_do_connect:94 - Connecting to C++ backend at ws://localhost:9000/
2026-04-28 10:23:17.938 | INFO     | cpp_client:_do_connect:94 - Connecting to C++ backend at ws://localhost:9000/
2026-04-28 10:23:22.053 | WARNING  | cpp_client:_reconnect:139 - Reconnect attempt failed: Could not connect to C++ backend at ws://localhost:9000/: [WinError 1225] 远程计算机拒绝网络连接。
2026-04-28 10:23:22.054 | INFO     | cpp_client:_reconnect:130 - Reconnecting to C++ backend in 3.0s …
2026-04-28 10:23:25.066 | INFO     | cpp_client:_do_connect:94 - Connecting to C++ backend at ws://localhost:9000/
2026-04-28 10:23:29.665 | INFO     | cpp_client:_do_connect:94 - Connecting to C++ backend at ws://localhost:9000/
2026-04-28 10:23:33.748 | WARNING  | cpp_client:_reconnect:139 - Reconnect attempt failed: Could not connect to C++ backend at ws://localhost:9000/: [WinError 1225] 远程计算机拒绝网络连接。
2026-04-28 10:23:33.748 | INFO     | cpp_client:_reconnect:130 - Reconnecting to C++ backend in 3.0s …
2026-04-28 10:23:36.761 | INFO     | cpp_client:_do_connect:94 - Connecting to C++ backend at ws://localhost:9000/
2026-04-28 10:23:41.344 | INFO     | cpp_client:_do_connect:94 - Connecting to C++ backend at ws://localhost:9000/
2026-04-28 10:23:45.450 | WARNING  | cpp_client:_reconnect:139 - Reconnect attempt failed: Could not connect to C++ backend at ws://localhost:9000/: [WinError 1225] 远程计算机拒绝网络连接。
2026-04-28 10:23:45.452 | INFO     | cpp_client:_reconnect:130 - Reconnecting to C++ backend in 3.0s …
2026-04-28 10:23:48.453 | INFO     | cpp_client:_do_connect:94 - Connecting to C++ backend at ws://localhost:9000/
2026-04-28 10:23:53.050 | INFO     | cpp_client:_do_connect:94 - Connecting to C++ backend at ws://localhost:9000/
2026-04-28 10:23:57.140 | WARNING  | cpp_client:_reconnect:139 - Reconnect attempt failed: Could not connect to C++ backend at ws://localhost:9000/: [WinError 1225] 远程计算机拒绝网络连接。
2026-04-28 10:23:57.140 | INFO     | cpp_client:_reconnect:130 - Reconnecting to C++ backend in 3.0s …
2026-04-28 10:24:00.155 | INFO     | cpp_client:_do_connect:94 - Connecting to C++ backend at ws://localhost:9000/
2026-04-28 10:24:04.766 | INFO     | cpp_client:_do_connect:94 - Connecting to C++ backend at ws://localhost:9000/
2026-04-28 10:24:08.839 | WARNING  | cpp_client:_reconnect:139 - Reconnect attempt failed: Could not connect to C++ backend at ws://localhost:9000/: [WinError 1225] 远程计算机拒绝网络连接。
2026-04-28 10:24:08.841 | INFO     | cpp_client:_reconnect:130 - Reconnecting to C++ backend in 3.0s …
2026-04-28 10:24:11.849 | INFO     | cpp_client:_do_connect:94 - Connecting to C++ backend at ws://localhost:9000/
2026-04-28 10:24:16.457 | INFO     | cpp_client:_do_connect:94 - Connecting to C++ backend at ws://localhost:9000/
2026-04-28 10:24:20.552 | WARNING  | cpp_client:_reconnect:139 - Reconnect attempt failed: Could not connect to C++ backend at ws://localhost:9000/: [WinError 1225] 远程计算机拒绝网络连接。
2026-04-28 10:24:20.554 | INFO     | cpp_client:_reconnect:130 - Reconnecting to C++ backend in 3.0s …
2026-04-28 10:24:23.564 | INFO     | cpp_client:_do_connect:94 - Connecting to C++ backend at ws://localhost:9000/
2026-04-28 10:24:28.166 | INFO     | cpp_client:_do_connect:94 - Connecting to C++ backend at ws://localhost:9000/
2026-04-28 10:24:32.261 | WARNING  | cpp_client:_reconnect:139 - Reconnect attempt failed: Could not connect to C++ backend at ws://localhost:9000/: [WinError 1225] 远程计算机拒绝网络连接。
2026-04-28 10:24:32.263 | INFO     | cpp_client:_reconnect:130 - Reconnecting to C++ backend in 3.0s …
2026-04-28 10:24:35.272 | INFO     | cpp_client:_do_connect:94 - Connecting to C++ backend at ws://localhost:9000/
2026-04-28 10:24:39.857 | INFO     | cpp_client:_do_connect:94 - Connecting to C++ backend at ws://localhost:9000/
2026-04-28 10:24:43.931 | WARNING  | cpp_client:_reconnect:139 - Reconnect attempt failed: Could not connect to C++ backend at ws://localhost:9000/: [WinError 1225] 远程计算机拒绝网络连接。
2026-04-28 10:24:43.931 | INFO     | cpp_client:_reconnect:130 - Reconnecting to C++ backend in 3.0s …
2026-04-28 10:24:46.936 | INFO     | cpp_client:_do_connect:94 - Connecting to C++ backend at ws://localhost:9000/
2026-04-28 10:24:51.538 | INFO     | cpp_client:_do_connect:94 - Connecting to C++ backend at ws://localhost:9000/
2026-04-28 10:24:55.614 | WARNING  | cpp_client:_reconnect:139 - Reconnect attempt failed: Could not connect to C++ backend at ws://localhost:9000/: [WinError 1225] 远程计算机拒绝网络连接。
2026-04-28 10:24:55.615 | INFO     | cpp_client:_reconnect:130 - Reconnecting to C++ backend in 3.0s …
2026-04-28 10:24:58.617 | INFO     | cpp_client:_do_connect:94 - Connecting to C++ backend at ws://localhost:9000/
2026-04-28 10:25:03.214 | INFO     | cpp_client:_do_connect:94 - Connecting to C++ backend at ws://localhost:9000/
2026-04-28 10:25:07.307 | WARNING  | cpp_client:_reconnect:139 - Reconnect attempt failed: Could not connect to C++ backend at ws://localhost:9000/: [WinError 1225] 远程计算机拒绝网络连接。
2026-04-28 10:25:07.307 | INFO     | cpp_client:_reconnect:130 - Reconnecting to C++ backend in 3.0s …
2026-04-28 10:25:10.326 | INFO     | cpp_client:_do_connect:94 - Connecting to C++ backend at ws://localhost:9000/
2026-04-28 10:25:14.913 | INFO     | cpp_client:_do_connect:94 - Connecting to C++ backend at ws://localhost:9000/
2026-04-28 10:25:18.993 | WARNING  | cpp_client:_reconnect:139 - Reconnect attempt failed: Could not connect to C++ backend at ws://localhost:9000/: [WinError 1225] 远程计算机拒绝网络连接。
2026-04-28 10:25:18.993 | INFO     | cpp_client:_reconnect:130 - Reconnecting to C++ backend in 3.0s …
2026-04-28 10:25:22.005 | INFO     | cpp_client:_do_connect:94 - Connecting to C++ backend at ws://localhost:9000/
2026-04-28 10:25:26.605 | INFO     | cpp_client:_do_connect:94 - Connecting to C++ backend at ws://localhost:9000/
2026-04-28 10:25:30.705 | WARNING  | cpp_client:_reconnect:139 - Reconnect attempt failed: Could not connect to C++ backend at ws://localhost:9000/: [WinError 1225] 远程计算机拒绝网络连接。
2026-04-28 10:25:30.705 | INFO     | cpp_client:_reconnect:130 - Reconnecting to C++ backend in 3.0s …
2026-04-28 10:25:33.711 | INFO     | cpp_client:_do_connect:94 - Connecting to C++ backend at ws://localhost:9000/
2026-04-28 10:25:38.324 | INFO     | cpp_client:_do_connect:94 - Connecting to C++ backend at ws://localhost:9000/
2026-04-28 10:25:42.409 | WARNING  | cpp_client:_reconnect:139 - Reconnect attempt failed: Could not connect to C++ backend at ws://localhost:9000/: [WinError 1225] 远程计算机拒绝网络连接。
2026-04-28 10:25:42.411 | INFO     | cpp_client:_reconnect:130 - Reconnecting to C++ backend in 3.0s …
2026-04-28 10:25:45.417 | INFO     | cpp_client:_do_connect:94 - Connecting to C++ backend at ws://localhost:9000/
2026-04-28 10:25:50.025 | INFO     | cpp_client:_do_connect:94 - Connecting to C++ backend at ws://localhost:9000/
2026-04-28 10:25:54.110 | WARNING  | cpp_client:_reconnect:139 - Reconnect attempt failed: Could not connect to C++ backend at ws://localhost:9000/: [WinError 1225] 远程计算机拒绝网络连接。
2026-04-28 10:25:54.110 | INFO     | cpp_client:_reconnect:130 - Reconnecting to C++ backend in 3.0s …
2026-04-28 10:25:57.122 | INFO     | cpp_client:_do_connect:94 - Connecting to C++ backend at ws://localhost:9000/
2026-04-28 10:26:01.732 | INFO     | cpp_client:_do_connect:94 - Connecting to C++ backend at ws://localhost:9000/
2026-04-28 10:26:05.794 | WARNING  | cpp_client:_reconnect:139 - Reconnect attempt failed: Could not connect to C++ backend at ws://localhost:9000/: [WinError 1225] 远程计算机拒绝网络连接。
2026-04-28 10:26:05.794 | INFO     | cpp_client:_reconnect:130 - Reconnecting to C++ backend in 3.0s …
2026-04-28 10:26:08.795 | INFO     | cpp_client:_do_connect:94 - Connecting to C++ backend at ws://localhost:9000/
2026-04-28 10:26:10.835 | INFO     | cpp_client:_do_connect:111 - Connected to C++ backend
2026-04-28 10:26:10.835 | INFO     | cpp_client:_reconnect:136 - Reconnected to C++ backend
2026-04-28 10:26:55.225 | WARNING  | cpp_client:_receive_loop:120 - C++ backend connection closed: no close frame received or sent
2026-04-28 10:26:55.225 | INFO     | cpp_client:_reconnect:130 - Reconnecting to C++ backend in 3.0s …
2026-04-28 10:26:58.231 | INFO     | cpp_client:_do_connect:94 - Connecting to C++ backend at ws://localhost:9000/
2026-04-28 10:27:02.813 | INFO     | cpp_client:_do_connect:94 - Connecting to C++ backend at ws://localhost:9000/
2026-04-28 10:27:06.883 | WARNING  | cpp_client:_reconnect:139 - Reconnect attempt failed: Could not connect to C++ backend at ws://localhost:9000/: [WinError 1225] 远程计算机拒绝网络连接。
2026-04-28 10:27:06.885 | INFO     | cpp_client:_reconnect:130 - Reconnecting to C++ backend in 3.0s …
2026-04-28 10:27:09.898 | INFO     | cpp_client:_do_connect:94 - Connecting to C++ backend at ws://localhost:9000/
2026-04-28 10:27:14.481 | INFO     | cpp_client:_do_connect:94 - Connecting to C++ backend at ws://localhost:9000/
2026-04-28 10:27:16.514 | INFO     | cpp_client:_do_connect:111 - Connected to C++ backend
2026-04-28 10:27:16.514 | INFO     | cpp_client:_reconnect:136 - Reconnected to C++ backend
2026-04-28 10:30:00.231 | WARNING  | cpp_client:_receive_loop:120 - C++ backend connection closed: no close frame received or sent
2026-04-28 10:30:00.231 | INFO     | cpp_client:_reconnect:130 - Reconnecting to C++ backend in 3.0s …
2026-04-28 10:30:03.246 | INFO     | cpp_client:_do_connect:94 - Connecting to C++ backend at ws://localhost:9000/
2026-04-28 10:30:07.798 | INFO     | cpp_client:_do_connect:94 - Connecting to C++ backend at ws://localhost:9000/
2026-04-28 10:30:11.851 | INFO     | cpp_client:_do_connect:111 - Connected to C++ backend
2026-04-28 10:30:11.851 | INFO     | cpp_client:_reconnect:136 - Reconnected to C++ backend
2026-04-28 10:31:00.468 | WARNING  | cpp_client:_receive_loop:120 - C++ backend connection closed: no close frame received or sent
2026-04-28 10:31:00.468 | INFO     | cpp_client:_reconnect:130 - Reconnecting to C++ backend in 3.0s …
2026-04-28 10:31:03.477 | INFO     | cpp_client:_do_connect:94 - Connecting to C++ backend at ws://localhost:9000/
2026-04-28 10:31:08.035 | INFO     | cpp_client:_do_connect:94 - Connecting to C++ backend at ws://localhost:9000/
2026-04-28 10:31:12.085 | WARNING  | cpp_client:_reconnect:139 - Reconnect attempt failed: Could not connect to C++ backend at ws://localhost:9000/: [WinError 1225] 远程计算机拒绝网络连接。
2026-04-28 10:31:12.086 | INFO     | cpp_client:_reconnect:130 - Reconnecting to C++ backend in 3.0s …
2026-04-28 10:31:15.092 | INFO     | cpp_client:_do_connect:94 - Connecting to C++ backend at ws://localhost:9000/
2026-04-28 10:31:19.660 | INFO     | cpp_client:_do_connect:94 - Connecting to C++ backend at ws://localhost:9000/
2026-04-28 10:31:21.692 | INFO     | cpp_client:_do_connect:111 - Connected to C++ backend
2026-04-28 10:31:21.692 | INFO     | cpp_client:_reconnect:136 - Reconnected to C++ backend
2026-04-28 10:32:30.671 | WARNING  | cpp_client:_receive_loop:120 - C++ backend connection closed: no close frame received or sent
2026-04-28 10:32:30.671 | INFO     | cpp_client:_reconnect:130 - Reconnecting to C++ backend in 3.0s …
2026-04-28 10:32:33.687 | INFO     | cpp_client:_do_connect:94 - Connecting to C++ backend at ws://localhost:9000/
2026-04-28 10:32:38.237 | INFO     | cpp_client:_do_connect:94 - Connecting to C++ backend at ws://localhost:9000/
2026-04-28 10:32:41.281 | INFO     | cpp_client:_do_connect:111 - Connected to C++ backend
2026-04-28 10:32:41.281 | INFO     | cpp_client:_reconnect:136 - Reconnected to C++ backend
2026-04-28 10:33:22.640 | WARNING  | cpp_client:_receive_loop:120 - C++ backend connection closed: no close frame received or sent
2026-04-28 10:33:22.640 | INFO     | cpp_client:_reconnect:130 - Reconnecting to C++ backend in 3.0s …
2026-04-28 10:33:25.653 | INFO     | cpp_client:_do_connect:94 - Connecting to C++ backend at ws://localhost:9000/
2026-04-28 10:33:30.209 | INFO     | cpp_client:_do_connect:94 - Connecting to C++ backend at ws://localhost:9000/
2026-04-28 10:33:34.265 | WARNING  | cpp_client:_reconnect:139 - Reconnect attempt failed: Could not connect to C++ backend at ws://localhost:9000/: [WinError 1225] 远程计算机拒绝网络连接。
2026-04-28 10:33:34.265 | INFO     | cpp_client:_reconnect:130 - Reconnecting to C++ backend in 3.0s …
2026-04-28 10:33:37.275 | INFO     | cpp_client:_do_connect:94 - Connecting to C++ backend at ws://localhost:9000/
2026-04-28 10:33:41.870 | INFO     | cpp_client:_do_connect:94 - Connecting to C++ backend at ws://localhost:9000/
2026-04-28 10:33:45.929 | WARNING  | cpp_client:_reconnect:139 - Reconnect attempt failed: Could not connect to C++ backend at ws://localhost:9000/: [WinError 1225] 远程计算机拒绝网络连接。
2026-04-28 10:33:45.930 | INFO     | cpp_client:_reconnect:130 - Reconnecting to C++ backend in 3.0s …
2026-04-28 10:33:48.938 | INFO     | cpp_client:_do_connect:94 - Connecting to C++ backend at ws://localhost:9000/
2026-04-28 10:33:53.513 | INFO     | cpp_client:_do_connect:94 - Connecting to C++ backend at ws://localhost:9000/
2026-04-28 10:33:57.576 | WARNING  | cpp_client:_reconnect:139 - Reconnect attempt failed: Could not connect to C++ backend at ws://localhost:9000/: [WinError 1225] 远程计算机拒绝网络连接。
2026-04-28 10:33:57.576 | INFO     | cpp_client:_reconnect:130 - Reconnecting to C++ backend in 3.0s …
2026-04-28 10:34:00.591 | INFO     | cpp_client:_do_connect:94 - Connecting to C++ backend at ws://localhost:9000/
2026-04-28 10:34:05.137 | INFO     | cpp_client:_do_connect:94 - Connecting to C++ backend at ws://localhost:9000/
2026-04-28 10:34:09.190 | WARNING  | cpp_client:_reconnect:139 - Reconnect attempt failed: Could not connect to C++ backend at ws://localhost:9000/: [WinError 1225] 远程计算机拒绝网络连接。
2026-04-28 10:34:09.190 | INFO     | cpp_client:_reconnect:130 - Reconnecting to C++ backend in 3.0s …
2026-04-28 10:34:12.203 | INFO     | cpp_client:_do_connect:94 - Connecting to C++ backend at ws://localhost:9000/
2026-04-28 10:34:16.753 | INFO     | cpp_client:_do_connect:94 - Connecting to C++ backend at ws://localhost:9000/
2026-04-28 10:34:20.841 | WARNING  | cpp_client:_reconnect:139 - Reconnect attempt failed: Could not connect to C++ backend at ws://localhost:9000/: [WinError 1225] 远程计算机拒绝网络连接。
2026-04-28 10:34:20.841 | INFO     | cpp_client:_reconnect:130 - Reconnecting to C++ backend in 3.0s …
2026-04-28 10:34:23.849 | INFO     | cpp_client:_do_connect:94 - Connecting to C++ backend at ws://localhost:9000/
2026-04-28 10:34:28.439 | INFO     | cpp_client:_do_connect:94 - Connecting to C++ backend at ws://localhost:9000/
2026-04-28 10:34:32.510 | WARNING  | cpp_client:_reconnect:139 - Reconnect attempt failed: Could not connect to C++ backend at ws://localhost:9000/: [WinError 1225] 远程计算机拒绝网络连接。
2026-04-28 10:34:32.510 | INFO     | cpp_client:_reconnect:130 - Reconnecting to C++ backend in 3.0s …
2026-04-28 10:34:35.518 | INFO     | cpp_client:_do_connect:94 - Connecting to C++ backend at ws://localhost:9000/
2026-04-28 10:34:40.116 | INFO     | cpp_client:_do_connect:94 - Connecting to C++ backend at ws://localhost:9000/
2026-04-28 10:34:44.183 | WARNING  | cpp_client:_reconnect:139 - Reconnect attempt failed: Could not connect to C++ backend at ws://localhost:9000/: [WinError 1225] 远程计算机拒绝网络连接。
2026-04-28 10:34:44.183 | INFO     | cpp_client:_reconnect:130 - Reconnecting to C++ backend in 3.0s …
2026-04-28 10:34:47.190 | INFO     | cpp_client:_do_connect:94 - Connecting to C++ backend at ws://localhost:9000/
2026-04-28 10:34:51.756 | INFO     | cpp_client:_do_connect:94 - Connecting to C++ backend at ws://localhost:9000/
2026-04-28 10:34:55.827 | WARNING  | cpp_client:_reconnect:139 - Reconnect attempt failed: Could not connect to C++ backend at ws://localhost:9000/: [WinError 1225] 远程计算机拒绝网络连接。
2026-04-28 10:34:55.827 | INFO     | cpp_client:_reconnect:130 - Reconnecting to C++ backend in 3.0s …
2026-04-28 10:34:58.837 | INFO     | cpp_client:_do_connect:94 - Connecting to C++ backend at ws://localhost:9000/
2026-04-28 10:35:03.408 | INFO     | cpp_client:_do_connect:94 - Connecting to C++ backend at ws://localhost:9000/
2026-04-28 10:35:07.491 | WARNING  | cpp_client:_reconnect:139 - Reconnect attempt failed: Could not connect to C++ backend at ws://localhost:9000/: [WinError 1225] 远程计算机拒绝网络连接。
2026-04-28 10:35:07.491 | INFO     | cpp_client:_reconnect:130 - Reconnecting to C++ backend in 3.0s …
2026-04-28 10:35:10.517 | INFO     | cpp_client:_do_connect:94 - Connecting to C++ backend at ws://localhost:9000/
2026-04-28 10:35:15.095 | INFO     | cpp_client:_do_connect:94 - Connecting to C++ backend at ws://localhost:9000/
2026-04-28 10:35:19.172 | WARNING  | cpp_client:_reconnect:139 - Reconnect attempt failed: Could not connect to C++ backend at ws://localhost:9000/: [WinError 1225] 远程计算机拒绝网络连接。
2026-04-28 10:35:19.172 | INFO     | cpp_client:_reconnect:130 - Reconnecting to C++ backend in 3.0s …
2026-04-28 10:35:22.182 | INFO     | cpp_client:_do_connect:94 - Connecting to C++ backend at ws://localhost:9000/
2026-04-28 10:35:26.752 | INFO     | cpp_client:_do_connect:94 - Connecting to C++ backend at ws://localhost:9000/
2026-04-28 10:35:30.832 | WARNING  | cpp_client:_reconnect:139 - Reconnect attempt failed: Could not connect to C++ backend at ws://localhost:9000/: [WinError 1225] 远程计算机拒绝网络连接。
2026-04-28 10:35:30.832 | INFO     | cpp_client:_reconnect:130 - Reconnecting to C++ backend in 3.0s …
2026-04-28 10:35:33.834 | INFO     | cpp_client:_do_connect:94 - Connecting to C++ backend at ws://localhost:9000/
2026-04-28 10:35:38.429 | INFO     | cpp_client:_do_connect:94 - Connecting to C++ backend at ws://localhost:9000/
2026-04-28 10:35:42.519 | WARNING  | cpp_client:_reconnect:139 - Reconnect attempt failed: Could not connect to C++ backend at ws://localhost:9000/: [WinError 1225] 远程计算机拒绝网络连接。
2026-04-28 10:35:42.519 | INFO     | cpp_client:_reconnect:130 - Reconnecting to C++ backend in 3.0s …
2026-04-28 10:35:45.531 | INFO     | cpp_client:_do_connect:94 - Connecting to C++ backend at ws://localhost:9000/
2026-04-28 10:35:50.079 | INFO     | cpp_client:_do_connect:94 - Connecting to C++ backend at ws://localhost:9000/
2026-04-28 10:35:54.137 | WARNING  | cpp_client:_reconnect:139 - Reconnect attempt failed: Could not connect to C++ backend at ws://localhost:9000/: [WinError 1225] 远程计算机拒绝网络连接。
2026-04-28 10:35:54.137 | INFO     | cpp_client:_reconnect:130 - Reconnecting to C++ backend in 3.0s …
2026-04-28 10:35:57.147 | INFO     | cpp_client:_do_connect:94 - Connecting to C++ backend at ws://localhost:9000/
2026-04-28 10:36:01.715 | INFO     | cpp_client:_do_connect:94 - Connecting to C++ backend at ws://localhost:9000/
2026-04-28 10:36:05.774 | WARNING  | cpp_client:_reconnect:139 - Reconnect attempt failed: Could not connect to C++ backend at ws://localhost:9000/: [WinError 1225] 远程计算机拒绝网络连接。
2026-04-28 10:36:05.775 | INFO     | cpp_client:_reconnect:130 - Reconnecting to C++ backend in 3.0s …
2026-04-28 10:36:08.778 | INFO     | cpp_client:_do_connect:94 - Connecting to C++ backend at ws://localhost:9000/
2026-04-28 10:36:13.341 | INFO     | cpp_client:_do_connect:94 - Connecting to C++ backend at ws://localhost:9000/
2026-04-28 10:36:17.405 | WARNING  | cpp_client:_reconnect:139 - Reconnect attempt failed: Could not connect to C++ backend at ws://localhost:9000/: [WinError 1225] 远程计算机拒绝网络连接。
2026-04-28 10:36:17.405 | INFO     | cpp_client:_reconnect:130 - Reconnecting to C++ backend in 3.0s …
2026-04-28 10:36:20.418 | INFO     | cpp_client:_do_connect:94 - Connecting to C++ backend at ws://localhost:9000/
2026-04-28 10:36:24.967 | INFO     | cpp_client:_do_connect:94 - Connecting to C++ backend at ws://localhost:9000/
2026-04-28 10:36:29.016 | WARNING  | cpp_client:_reconnect:139 - Reconnect attempt failed: Could not connect to C++ backend at ws://localhost:9000/: [WinError 1225] 远程计算机拒绝网络连接。
2026-04-28 10:36:29.017 | INFO     | cpp_client:_reconnect:130 - Reconnecting to C++ backend in 3.0s …
2026-04-28 10:36:32.023 | INFO     | cpp_client:_do_connect:94 - Connecting to C++ backend at ws://localhost:9000/
2026-04-28 10:36:36.593 | INFO     | cpp_client:_do_connect:94 - Connecting to C++ backend at ws://localhost:9000/
2026-04-28 10:36:40.658 | WARNING  | cpp_client:_reconnect:139 - Reconnect attempt failed: Could not connect to C++ backend at ws://localhost:9000/: [WinError 1225] 远程计算机拒绝网络连接。
2026-04-28 10:36:40.658 | INFO     | cpp_client:_reconnect:130 - Reconnecting to C++ backend in 3.0s …
2026-04-28 10:36:43.660 | INFO     | cpp_client:_do_connect:94 - Connecting to C++ backend at ws://localhost:9000/
2026-04-28 10:36:48.215 | INFO     | cpp_client:_do_connect:94 - Connecting to C++ backend at ws://localhost:9000/
2026-04-28 10:36:52.260 | WARNING  | cpp_client:_reconnect:139 - Reconnect attempt failed: Could not connect to C++ backend at ws://localhost:9000/: [WinError 1225] 远程计算机拒绝网络连接。
2026-04-28 10:36:52.261 | INFO     | cpp_client:_reconnect:130 - Reconnecting to C++ backend in 3.0s …
2026-04-28 10:36:55.270 | INFO     | cpp_client:_do_connect:94 - Connecting to C++ backend at ws://localhost:9000/
2026-04-28 10:36:59.825 | INFO     | cpp_client:_do_connect:94 - Connecting to C++ backend at ws://localhost:9000/
2026-04-28 10:37:03.883 | WARNING  | cpp_client:_reconnect:139 - Reconnect attempt failed: Could not connect to C++ backend at ws://localhost:9000/: [WinError 1225] 远程计算机拒绝网络连接。
2026-04-28 10:37:03.883 | INFO     | cpp_client:_reconnect:130 - Reconnecting to C++ backend in 3.0s …
2026-04-28 10:37:06.891 | INFO     | cpp_client:_do_connect:94 - Connecting to C++ backend at ws://localhost:9000/
2026-04-28 10:37:11.449 | INFO     | cpp_client:_do_connect:94 - Connecting to C++ backend at ws://localhost:9000/
2026-04-28 10:37:15.495 | WARNING  | cpp_client:_reconnect:139 - Reconnect attempt failed: Could not connect to C++ backend at ws://localhost:9000/: [WinError 1225] 远程计算机拒绝网络连接。
2026-04-28 10:37:15.496 | INFO     | cpp_client:_reconnect:130 - Reconnecting to C++ backend in 3.0s …
2026-04-28 10:37:18.510 | INFO     | cpp_client:_do_connect:94 - Connecting to C++ backend at ws://localhost:9000/
2026-04-28 10:37:23.091 | INFO     | cpp_client:_do_connect:94 - Connecting to C++ backend at ws://localhost:9000/
2026-04-28 10:37:27.164 | WARNING  | cpp_client:_reconnect:139 - Reconnect attempt failed: Could not connect to C++ backend at ws://localhost:9000/: [WinError 1225] 远程计算机拒绝网络连接。
2026-04-28 10:37:27.164 | INFO     | cpp_client:_reconnect:130 - Reconnecting to C++ backend in 3.0s …
2026-04-28 10:37:30.180 | INFO     | cpp_client:_do_connect:94 - Connecting to C++ backend at ws://localhost:9000/
2026-04-28 10:37:34.755 | INFO     | cpp_client:_do_connect:94 - Connecting to C++ backend at ws://localhost:9000/
2026-04-28 10:37:38.837 | WARNING  | cpp_client:_reconnect:139 - Reconnect attempt failed: Could not connect to C++ backend at ws://localhost:9000/: [WinError 1225] 远程计算机拒绝网络连接。
2026-04-28 10:37:38.837 | INFO     | cpp_client:_reconnect:130 - Reconnecting to C++ backend in 3.0s …
2026-04-28 10:37:41.851 | INFO     | cpp_client:_do_connect:94 - Connecting to C++ backend at ws://localhost:9000/
2026-04-28 10:37:46.421 | INFO     | cpp_client:_do_connect:94 - Connecting to C++ backend at ws://localhost:9000/
2026-04-28 10:37:50.495 | WARNING  | cpp_client:_reconnect:139 - Reconnect attempt failed: Could not connect to C++ backend at ws://localhost:9000/: [WinError 1225] 远程计算机拒绝网络连接。
2026-04-28 10:37:50.495 | INFO     | cpp_client:_reconnect:130 - Reconnecting to C++ backend in 3.0s …
2026-04-28 10:37:53.498 | INFO     | cpp_client:_do_connect:94 - Connecting to C++ backend at ws://localhost:9000/
2026-04-28 10:37:58.064 | INFO     | cpp_client:_do_connect:94 - Connecting to C++ backend at ws://localhost:9000/
2026-04-28 10:38:02.141 | WARNING  | cpp_client:_reconnect:139 - Reconnect attempt failed: Could not connect to C++ backend at ws://localhost:9000/: [WinError 1225] 远程计算机拒绝网络连接。
2026-04-28 10:38:02.141 | INFO     | cpp_client:_reconnect:130 - Reconnecting to C++ backend in 3.0s …
2026-04-28 10:38:05.145 | INFO     | cpp_client:_do_connect:94 - Connecting to C++ backend at ws://localhost:9000/
2026-04-28 10:38:08.208 | INFO     | cpp_client:_do_connect:111 - Connected to C++ backend
2026-04-28 10:38:08.208 | INFO     | cpp_client:_reconnect:136 - Reconnected to C++ backend
2026-04-28 10:38:49.772 | WARNING  | cpp_client:_receive_loop:120 - C++ backend connection closed: no close frame received or sent
2026-04-28 10:38:49.772 | INFO     | cpp_client:_reconnect:130 - Reconnecting to C++ backend in 3.0s …
2026-04-28 10:38:52.776 | INFO     | cpp_client:_do_connect:94 - Connecting to C++ backend at ws://localhost:9000/
2026-04-28 10:38:57.341 | INFO     | cpp_client:_do_connect:94 - Connecting to C++ backend at ws://localhost:9000/
2026-04-28 10:39:01.388 | WARNING  | cpp_client:_reconnect:139 - Reconnect attempt failed: Could not connect to C++ backend at ws://localhost:9000/: [WinError 1225] 远程计算机拒绝网络连接。
2026-04-28 10:39:01.389 | INFO     | cpp_client:_reconnect:130 - Reconnecting to C++ backend in 3.0s …
2026-04-28 10:39:04.390 | INFO     | cpp_client:_do_connect:94 - Connecting to C++ backend at ws://localhost:9000/
2026-04-28 10:39:08.977 | INFO     | cpp_client:_do_connect:94 - Connecting to C++ backend at ws://localhost:9000/
2026-04-28 10:39:13.060 | WARNING  | cpp_client:_reconnect:139 - Reconnect attempt failed: Could not connect to C++ backend at ws://localhost:9000/: [WinError 1225] 远程计算机拒绝网络连接。
2026-04-28 10:39:13.060 | INFO     | cpp_client:_reconnect:130 - Reconnecting to C++ backend in 3.0s …
2026-04-28 10:39:16.066 | INFO     | cpp_client:_do_connect:94 - Connecting to C++ backend at ws://localhost:9000/
2026-04-28 10:39:20.621 | INFO     | cpp_client:_do_connect:94 - Connecting to C++ backend at ws://localhost:9000/
2026-04-28 10:39:24.696 | WARNING  | cpp_client:_reconnect:139 - Reconnect attempt failed: Could not connect to C++ backend at ws://localhost:9000/: [WinError 1225] 远程计算机拒绝网络连接。
2026-04-28 10:39:24.696 | INFO     | cpp_client:_reconnect:130 - Reconnecting to C++ backend in 3.0s …
2026-04-28 10:39:25.246 | INFO     | utils.logger:setup_logger:31 - Logger initialised (level=INFO)
2026-04-28 10:39:25.246 | INFO     | __main__:_main:98 - MSInsight MCP Bridge starting — backend=ws://localhost:9000/ transport=stdio
2026-04-28 10:39:25.246 | INFO     | internal.profiler_server:start_profiler_server_if_needed:18 - Attempting to auto-start C++ backend from: C:\Program Files (x86)\MindStudio Insight\resources\profiler\server\profiler_server.exe
2026-04-28 10:39:25.249 | INFO     | internal.profiler_server:start_profiler_server_if_needed:49 - C++ backend process started with PID: 35320
2026-04-28 10:39:26.254 | INFO     | cpp_client:_do_connect:94 - Connecting to C++ backend at ws://localhost:9000/
2026-04-28 10:39:27.707 | INFO     | cpp_client:_do_connect:94 - Connecting to C++ backend at ws://localhost:9000/
2026-04-28 10:39:28.300 | INFO     | cpp_client:_do_connect:110 - Connected to C++ backend
2026-04-28 10:39:28.300 | INFO     | mcp_server:run_stdio:229 - Starting MCP server — transport: stdio
2026-04-28 10:39:29.782 | INFO     | cpp_client:_do_connect:111 - Connected to C++ backend
2026-04-28 10:39:29.782 | INFO     | cpp_client:_reconnect:136 - Reconnected to C++ backend
2026-04-28 10:39:29.784 | WARNING  | cpp_client:_receive_loop:120 - C++ backend connection closed: sent 1002 (protocol error) invalid status code; no close frame received
2026-04-28 10:39:29.784 | INFO     | cpp_client:_reconnect:130 - Reconnecting to C++ backend in 3.0s …
2026-04-28 10:39:32.797 | INFO     | cpp_client:_do_connect:94 - Connecting to C++ backend at ws://localhost:9000/
2026-04-28 10:39:33.485 | INFO     | __main__:_main:178 - Shutting down C++ backend connection …
2026-04-28 10:39:33.495 | INFO     | cpp_client:close:213 - Disconnected from C++ backend
2026-04-28 10:39:33.495 | INFO     | __main__:_main:180 - MSInsight MCP Bridge stopped.
2026-04-28 10:39:33.496 | INFO     | internal.profiler_server:cleanup_profiler_server:72 - Killing auto-started C++ backend process (PID 35320)
2026-04-28 10:39:37.352 | INFO     | cpp_client:_do_connect:94 - Connecting to C++ backend at ws://localhost:9000/
2026-04-28 10:39:41.395 | WARNING  | cpp_client:_reconnect:139 - Reconnect attempt failed: Could not connect to C++ backend at ws://localhost:9000/: [WinError 1225] 远程计算机拒绝网络连接。
2026-04-28 10:39:41.395 | INFO     | cpp_client:_reconnect:130 - Reconnecting to C++ backend in 3.0s …
2026-04-28 10:39:44.398 | INFO     | cpp_client:_do_connect:94 - Connecting to C++ backend at ws://localhost:9000/
2026-04-28 10:39:48.989 | INFO     | cpp_client:_do_connect:94 - Connecting to C++ backend at ws://localhost:9000/
2026-04-28 10:39:53.034 | WARNING  | cpp_client:_reconnect:139 - Reconnect attempt failed: Could not connect to C++ backend at ws://localhost:9000/: [WinError 1225] 远程计算机拒绝网络连接。
2026-04-28 10:39:53.034 | INFO     | cpp_client:_reconnect:130 - Reconnecting to C++ backend in 3.0s …
2026-04-28 10:39:56.050 | INFO     | cpp_client:_do_connect:94 - Connecting to C++ backend at ws://localhost:9000/
2026-04-28 10:40:00.645 | INFO     | cpp_client:_do_connect:94 - Connecting to C++ backend at ws://localhost:9000/
2026-04-28 10:40:04.732 | WARNING  | cpp_client:_reconnect:139 - Reconnect attempt failed: Could not connect to C++ backend at ws://localhost:9000/: [WinError 1225] 远程计算机拒绝网络连接。
2026-04-28 10:40:04.732 | INFO     | cpp_client:_reconnect:130 - Reconnecting to C++ backend in 3.0s …
2026-04-28 10:40:07.746 | INFO     | cpp_client:_do_connect:94 - Connecting to C++ backend at ws://localhost:9000/
2026-04-28 10:40:12.332 | INFO     | cpp_client:_do_connect:94 - Connecting to C++ backend at ws://localhost:9000/
2026-04-28 10:40:16.415 | WARNING  | cpp_client:_reconnect:139 - Reconnect attempt failed: Could not connect to C++ backend at ws://localhost:9000/: [WinError 1225] 远程计算机拒绝网络连接。
2026-04-28 10:40:16.415 | INFO     | cpp_client:_reconnect:130 - Reconnecting to C++ backend in 3.0s …
2026-04-28 10:40:19.423 | INFO     | cpp_client:_do_connect:94 - Connecting to C++ backend at ws://localhost:9000/
2026-04-28 10:40:24.019 | INFO     | cpp_client:_do_connect:94 - Connecting to C++ backend at ws://localhost:9000/
2026-04-28 10:40:28.108 | WARNING  | cpp_client:_reconnect:139 - Reconnect attempt failed: Could not connect to C++ backend at ws://localhost:9000/: [WinError 1225] 远程计算机拒绝网络连接。
2026-04-28 10:40:28.110 | INFO     | cpp_client:_reconnect:130 - Reconnecting to C++ backend in 3.0s …
2026-04-28 10:40:31.123 | INFO     | cpp_client:_do_connect:94 - Connecting to C++ backend at ws://localhost:9000/
2026-04-28 10:40:35.692 | INFO     | cpp_client:_do_connect:94 - Connecting to C++ backend at ws://localhost:9000/
2026-04-28 10:40:39.764 | WARNING  | cpp_client:_reconnect:139 - Reconnect attempt failed: Could not connect to C++ backend at ws://localhost:9000/: [WinError 1225] 远程计算机拒绝网络连接。
2026-04-28 10:40:39.764 | INFO     | cpp_client:_reconnect:130 - Reconnecting to C++ backend in 3.0s …
2026-04-28 10:40:42.778 | INFO     | cpp_client:_do_connect:94 - Connecting to C++ backend at ws://localhost:9000/
2026-04-28 10:40:47.382 | INFO     | cpp_client:_do_connect:94 - Connecting to C++ backend at ws://localhost:9000/
2026-04-28 10:40:51.421 | WARNING  | cpp_client:_reconnect:139 - Reconnect attempt failed: Could not connect to C++ backend at ws://localhost:9000/: [WinError 1225] 远程计算机拒绝网络连接。
2026-04-28 10:40:51.422 | INFO     | cpp_client:_reconnect:130 - Reconnecting to C++ backend in 3.0s …
2026-04-28 10:40:54.427 | INFO     | cpp_client:_do_connect:94 - Connecting to C++ backend at ws://localhost:9000/
2026-04-28 10:40:59.026 | INFO     | cpp_client:_do_connect:94 - Connecting to C++ backend at ws://localhost:9000/
2026-04-28 10:41:03.104 | WARNING  | cpp_client:_reconnect:139 - Reconnect attempt failed: Could not connect to C++ backend at ws://localhost:9000/: [WinError 1225] 远程计算机拒绝网络连接。
2026-04-28 10:41:03.106 | INFO     | cpp_client:_reconnect:130 - Reconnecting to C++ backend in 3.0s …
2026-04-28 10:41:06.114 | INFO     | cpp_client:_do_connect:94 - Connecting to C++ backend at ws://localhost:9000/
2026-04-28 10:41:10.695 | INFO     | cpp_client:_do_connect:94 - Connecting to C++ backend at ws://localhost:9000/
2026-04-28 10:41:14.749 | WARNING  | cpp_client:_reconnect:139 - Reconnect attempt failed: Could not connect to C++ backend at ws://localhost:9000/: [WinError 1225] 远程计算机拒绝网络连接。
2026-04-28 10:41:14.751 | INFO     | cpp_client:_reconnect:130 - Reconnecting to C++ backend in 3.0s …
2026-04-28 10:41:17.752 | INFO     | cpp_client:_do_connect:94 - Connecting to C++ backend at ws://localhost:9000/
2026-04-28 10:41:22.340 | INFO     | cpp_client:_do_connect:94 - Connecting to C++ backend at ws://localhost:9000/
2026-04-28 10:41:26.402 | WARNING  | cpp_client:_reconnect:139 - Reconnect attempt failed: Could not connect to C++ backend at ws://localhost:9000/: [WinError 1225] 远程计算机拒绝网络连接。
2026-04-28 10:41:26.402 | INFO     | cpp_client:_reconnect:130 - Reconnecting to C++ backend in 3.0s …
2026-04-28 10:41:29.416 | INFO     | cpp_client:_do_connect:94 - Connecting to C++ backend at ws://localhost:9000/
2026-04-28 10:41:33.979 | INFO     | cpp_client:_do_connect:94 - Connecting to C++ backend at ws://localhost:9000/
2026-04-28 10:41:38.037 | WARNING  | cpp_client:_reconnect:139 - Reconnect attempt failed: Could not connect to C++ backend at ws://localhost:9000/: [WinError 1225] 远程计算机拒绝网络连接。
2026-04-28 10:41:38.037 | INFO     | cpp_client:_reconnect:130 - Reconnecting to C++ backend in 3.0s …
2026-04-28 10:41:41.042 | INFO     | cpp_client:_do_connect:94 - Connecting to C++ backend at ws://localhost:9000/
2026-04-28 10:41:45.616 | INFO     | cpp_client:_do_connect:94 - Connecting to C++ backend at ws://localhost:9000/
2026-04-28 10:41:49.684 | WARNING  | cpp_client:_reconnect:139 - Reconnect attempt failed: Could not connect to C++ backend at ws://localhost:9000/: [WinError 1225] 远程计算机拒绝网络连接。
2026-04-28 10:41:49.684 | INFO     | cpp_client:_reconnect:130 - Reconnecting to C++ backend in 3.0s …
2026-04-28 10:41:52.693 | INFO     | cpp_client:_do_connect:94 - Connecting to C++ backend at ws://localhost:9000/
2026-04-28 10:41:57.279 | INFO     | cpp_client:_do_connect:94 - Connecting to C++ backend at ws://localhost:9000/
2026-04-28 10:42:01.371 | WARNING  | cpp_client:_reconnect:139 - Reconnect attempt failed: Could not connect to C++ backend at ws://localhost:9000/: [WinError 1225] 远程计算机拒绝网络连接。
2026-04-28 10:42:01.372 | INFO     | cpp_client:_reconnect:130 - Reconnecting to C++ backend in 3.0s …
2026-04-28 10:42:04.383 | INFO     | cpp_client:_do_connect:94 - Connecting to C++ backend at ws://localhost:9000/
2026-04-28 10:42:08.987 | INFO     | cpp_client:_do_connect:94 - Connecting to C++ backend at ws://localhost:9000/
2026-04-28 10:42:13.071 | WARNING  | cpp_client:_reconnect:139 - Reconnect attempt failed: Could not connect to C++ backend at ws://localhost:9000/: [WinError 1225] 远程计算机拒绝网络连接。
2026-04-28 10:42:13.071 | INFO     | cpp_client:_reconnect:130 - Reconnecting to C++ backend in 3.0s …
2026-04-28 10:42:16.079 | INFO     | cpp_client:_do_connect:94 - Connecting to C++ backend at ws://localhost:9000/
2026-04-28 10:42:20.640 | INFO     | cpp_client:_do_connect:94 - Connecting to C++ backend at ws://localhost:9000/
2026-04-28 10:42:24.716 | WARNING  | cpp_client:_reconnect:139 - Reconnect attempt failed: Could not connect to C++ backend at ws://localhost:9000/: [WinError 1225] 远程计算机拒绝网络连接。
2026-04-28 10:42:24.716 | INFO     | cpp_client:_reconnect:130 - Reconnecting to C++ backend in 3.0s …
2026-04-28 10:42:27.728 | INFO     | cpp_client:_do_connect:94 - Connecting to C++ backend at ws://localhost:9000/
2026-04-28 10:42:32.333 | INFO     | cpp_client:_do_connect:94 - Connecting to C++ backend at ws://localhost:9000/
2026-04-28 10:42:36.415 | WARNING  | cpp_client:_reconnect:139 - Reconnect attempt failed: Could not connect to C++ backend at ws://localhost:9000/: [WinError 1225] 远程计算机拒绝网络连接。
2026-04-28 10:42:36.415 | INFO     | cpp_client:_reconnect:130 - Reconnecting to C++ backend in 3.0s …
2026-04-28 10:42:39.418 | INFO     | cpp_client:_do_connect:94 - Connecting to C++ backend at ws://localhost:9000/
2026-04-28 10:42:43.986 | INFO     | cpp_client:_do_connect:94 - Connecting to C++ backend at ws://localhost:9000/
2026-04-28 10:42:48.073 | WARNING  | cpp_client:_reconnect:139 - Reconnect attempt failed: Could not connect to C++ backend at ws://localhost:9000/: [WinError 1225] 远程计算机拒绝网络连接。
2026-04-28 10:42:48.073 | INFO     | cpp_client:_reconnect:130 - Reconnecting to C++ backend in 3.0s …
2026-04-28 10:42:51.079 | INFO     | cpp_client:_do_connect:94 - Connecting to C++ backend at ws://localhost:9000/
2026-04-28 10:42:55.646 | INFO     | cpp_client:_do_connect:94 - Connecting to C++ backend at ws://localhost:9000/
2026-04-28 10:42:59.722 | WARNING  | cpp_client:_reconnect:139 - Reconnect attempt failed: Could not connect to C++ backend at ws://localhost:9000/: [WinError 1225] 远程计算机拒绝网络连接。
2026-04-28 10:42:59.722 | INFO     | cpp_client:_reconnect:130 - Reconnecting to C++ backend in 3.0s …
2026-04-28 10:43:02.735 | INFO     | cpp_client:_do_connect:94 - Connecting to C++ backend at ws://localhost:9000/
2026-04-28 10:43:07.327 | INFO     | cpp_client:_do_connect:94 - Connecting to C++ backend at ws://localhost:9000/
2026-04-28 10:43:11.420 | WARNING  | cpp_client:_reconnect:139 - Reconnect attempt failed: Could not connect to C++ backend at ws://localhost:9000/: [WinError 1225] 远程计算机拒绝网络连接。
2026-04-28 10:43:11.421 | INFO     | cpp_client:_reconnect:130 - Reconnecting to C++ backend in 3.0s …
2026-04-28 10:43:14.422 | INFO     | cpp_client:_do_connect:94 - Connecting to C++ backend at ws://localhost:9000/
2026-04-28 10:43:18.995 | INFO     | cpp_client:_do_connect:94 - Connecting to C++ backend at ws://localhost:9000/
2026-04-28 10:43:23.074 | WARNING  | cpp_client:_reconnect:139 - Reconnect attempt failed: Could not connect to C++ backend at ws://localhost:9000/: [WinError 1225] 远程计算机拒绝网络连接。
2026-04-28 10:43:23.074 | INFO     | cpp_client:_reconnect:130 - Reconnecting to C++ backend in 3.0s …
2026-04-28 10:43:26.088 | INFO     | cpp_client:_do_connect:94 - Connecting to C++ backend at ws://localhost:9000/
2026-04-28 10:43:30.658 | INFO     | cpp_client:_do_connect:94 - Connecting to C++ backend at ws://localhost:9000/
2026-04-28 10:43:34.724 | WARNING  | cpp_client:_reconnect:139 - Reconnect attempt failed: Could not connect to C++ backend at ws://localhost:9000/: [WinError 1225] 远程计算机拒绝网络连接。
2026-04-28 10:43:34.726 | INFO     | cpp_client:_reconnect:130 - Reconnecting to C++ backend in 3.0s …
2026-04-28 10:43:37.727 | INFO     | cpp_client:_do_connect:94 - Connecting to C++ backend at ws://localhost:9000/
2026-04-28 10:43:42.304 | INFO     | cpp_client:_do_connect:94 - Connecting to C++ backend at ws://localhost:9000/
2026-04-28 10:43:46.357 | WARNING  | cpp_client:_reconnect:139 - Reconnect attempt failed: Could not connect to C++ backend at ws://localhost:9000/: [WinError 1225] 远程计算机拒绝网络连接。
2026-04-28 10:43:46.358 | INFO     | cpp_client:_reconnect:130 - Reconnecting to C++ backend in 3.0s …
2026-04-28 10:43:49.362 | INFO     | cpp_client:_do_connect:94 - Connecting to C++ backend at ws://localhost:9000/
2026-04-28 10:43:53.932 | INFO     | cpp_client:_do_connect:94 - Connecting to C++ backend at ws://localhost:9000/
2026-04-28 10:43:57.994 | WARNING  | cpp_client:_reconnect:139 - Reconnect attempt failed: Could not connect to C++ backend at ws://localhost:9000/: [WinError 1225] 远程计算机拒绝网络连接。
2026-04-28 10:43:57.996 | INFO     | cpp_client:_reconnect:130 - Reconnecting to C++ backend in 3.0s …
2026-04-28 10:44:00.999 | INFO     | cpp_client:_do_connect:94 - Connecting to C++ backend at ws://localhost:9000/
2026-04-28 10:44:05.560 | INFO     | cpp_client:_do_connect:94 - Connecting to C++ backend at ws://localhost:9000/
2026-04-28 10:44:09.624 | WARNING  | cpp_client:_reconnect:139 - Reconnect attempt failed: Could not connect to C++ backend at ws://localhost:9000/: [WinError 1225] 远程计算机拒绝网络连接。
2026-04-28 10:44:09.626 | INFO     | cpp_client:_reconnect:130 - Reconnecting to C++ backend in 3.0s …
2026-04-28 10:44:12.635 | INFO     | cpp_client:_do_connect:94 - Connecting to C++ backend at ws://localhost:9000/
2026-04-28 10:44:17.192 | INFO     | cpp_client:_do_connect:94 - Connecting to C++ backend at ws://localhost:9000/
2026-04-28 10:44:21.250 | WARNING  | cpp_client:_reconnect:139 - Reconnect attempt failed: Could not connect to C++ backend at ws://localhost:9000/: [WinError 1225] 远程计算机拒绝网络连接。
2026-04-28 10:44:21.250 | INFO     | cpp_client:_reconnect:130 - Reconnecting to C++ backend in 3.0s …
2026-04-28 10:44:24.262 | INFO     | cpp_client:_do_connect:94 - Connecting to C++ backend at ws://localhost:9000/
2026-04-28 10:44:28.821 | INFO     | cpp_client:_do_connect:94 - Connecting to C++ backend at ws://localhost:9000/
2026-04-28 10:44:32.888 | WARNING  | cpp_client:_reconnect:139 - Reconnect attempt failed: Could not connect to C++ backend at ws://localhost:9000/: [WinError 1225] 远程计算机拒绝网络连接。
2026-04-28 10:44:32.889 | INFO     | cpp_client:_reconnect:130 - Reconnecting to C++ backend in 3.0s …
2026-04-28 10:44:35.897 | INFO     | cpp_client:_do_connect:94 - Connecting to C++ backend at ws://localhost:9000/
2026-04-28 10:44:40.458 | INFO     | cpp_client:_do_connect:94 - Connecting to C++ backend at ws://localhost:9000/
2026-04-28 10:44:44.527 | WARNING  | cpp_client:_reconnect:139 - Reconnect attempt failed: Could not connect to C++ backend at ws://localhost:9000/: [WinError 1225] 远程计算机拒绝网络连接。
2026-04-28 10:44:44.527 | INFO     | cpp_client:_reconnect:130 - Reconnecting to C++ backend in 3.0s …
2026-04-28 10:44:47.541 | INFO     | cpp_client:_do_connect:94 - Connecting to C++ backend at ws://localhost:9000/
2026-04-28 10:44:52.136 | INFO     | cpp_client:_do_connect:94 - Connecting to C++ backend at ws://localhost:9000/
2026-04-28 10:44:56.211 | WARNING  | cpp_client:_reconnect:139 - Reconnect attempt failed: Could not connect to C++ backend at ws://localhost:9000/: [WinError 1225] 远程计算机拒绝网络连接。
2026-04-28 10:44:56.212 | INFO     | cpp_client:_reconnect:130 - Reconnecting to C++ backend in 3.0s …
2026-04-28 10:44:59.225 | INFO     | cpp_client:_do_connect:94 - Connecting to C++ backend at ws://localhost:9000/
2026-04-28 10:45:03.820 | INFO     | cpp_client:_do_connect:94 - Connecting to C++ backend at ws://localhost:9000/
2026-04-28 10:45:07.902 | WARNING  | cpp_client:_reconnect:139 - Reconnect attempt failed: Could not connect to C++ backend at ws://localhost:9000/: [WinError 1225] 远程计算机拒绝网络连接。
2026-04-28 10:45:07.902 | INFO     | cpp_client:_reconnect:130 - Reconnecting to C++ backend in 3.0s …
2026-04-28 10:45:10.910 | INFO     | cpp_client:_do_connect:94 - Connecting to C++ backend at ws://localhost:9000/
2026-04-28 10:45:15.493 | INFO     | cpp_client:_do_connect:94 - Connecting to C++ backend at ws://localhost:9000/
2026-04-28 10:45:19.573 | WARNING  | cpp_client:_reconnect:139 - Reconnect attempt failed: Could not connect to C++ backend at ws://localhost:9000/: [WinError 1225] 远程计算机拒绝网络连接。
2026-04-28 10:45:19.574 | INFO     | cpp_client:_reconnect:130 - Reconnecting to C++ backend in 3.0s …
2026-04-28 10:45:22.582 | INFO     | cpp_client:_do_connect:94 - Connecting to C++ backend at ws://localhost:9000/
2026-04-28 10:45:27.175 | INFO     | cpp_client:_do_connect:94 - Connecting to C++ backend at ws://localhost:9000/
2026-04-28 10:45:31.242 | WARNING  | cpp_client:_reconnect:139 - Reconnect attempt failed: Could not connect to C++ backend at ws://localhost:9000/: [WinError 1225] 远程计算机拒绝网络连接。
2026-04-28 10:45:31.242 | INFO     | cpp_client:_reconnect:130 - Reconnecting to C++ backend in 3.0s …
2026-04-28 10:45:34.247 | INFO     | cpp_client:_do_connect:94 - Connecting to C++ backend at ws://localhost:9000/
2026-04-28 10:45:38.835 | INFO     | cpp_client:_do_connect:94 - Connecting to C++ backend at ws://localhost:9000/
2026-04-28 10:45:42.906 | WARNING  | cpp_client:_reconnect:139 - Reconnect attempt failed: Could not connect to C++ backend at ws://localhost:9000/: [WinError 1225] 远程计算机拒绝网络连接。
2026-04-28 10:45:42.908 | INFO     | cpp_client:_reconnect:130 - Reconnecting to C++ backend in 3.0s …
2026-04-28 10:45:45.924 | INFO     | cpp_client:_do_connect:94 - Connecting to C++ backend at ws://localhost:9000/
2026-04-28 10:45:50.513 | INFO     | cpp_client:_do_connect:94 - Connecting to C++ backend at ws://localhost:9000/
2026-04-28 10:45:54.567 | WARNING  | cpp_client:_reconnect:139 - Reconnect attempt failed: Could not connect to C++ backend at ws://localhost:9000/: [WinError 1225] 远程计算机拒绝网络连接。
2026-04-28 10:45:54.567 | INFO     | cpp_client:_reconnect:130 - Reconnecting to C++ backend in 3.0s …
2026-04-28 10:45:57.573 | INFO     | cpp_client:_do_connect:94 - Connecting to C++ backend at ws://localhost:9000/
2026-04-28 10:46:02.150 | INFO     | cpp_client:_do_connect:94 - Connecting to C++ backend at ws://localhost:9000/
2026-04-28 10:46:06.223 | WARNING  | cpp_client:_reconnect:139 - Reconnect attempt failed: Could not connect to C++ backend at ws://localhost:9000/: [WinError 1225] 远程计算机拒绝网络连接。
2026-04-28 10:46:06.223 | INFO     | cpp_client:_reconnect:130 - Reconnecting to C++ backend in 3.0s …
2026-04-28 10:46:09.236 | INFO     | cpp_client:_do_connect:94 - Connecting to C++ backend at ws://localhost:9000/
2026-04-28 10:46:13.790 | INFO     | cpp_client:_do_connect:94 - Connecting to C++ backend at ws://localhost:9000/
2026-04-28 10:46:17.848 | WARNING  | cpp_client:_reconnect:139 - Reconnect attempt failed: Could not connect to C++ backend at ws://localhost:9000/: [WinError 1225] 远程计算机拒绝网络连接。
2026-04-28 10:46:17.848 | INFO     | cpp_client:_reconnect:130 - Reconnecting to C++ backend in 3.0s …
2026-04-28 10:46:20.863 | INFO     | cpp_client:_do_connect:94 - Connecting to C++ backend at ws://localhost:9000/
2026-04-28 10:46:25.443 | INFO     | cpp_client:_do_connect:94 - Connecting to C++ backend at ws://localhost:9000/
2026-04-28 10:46:29.507 | WARNING  | cpp_client:_reconnect:139 - Reconnect attempt failed: Could not connect to C++ backend at ws://localhost:9000/: [WinError 1225] 远程计算机拒绝网络连接。
2026-04-28 10:46:29.507 | INFO     | cpp_client:_reconnect:130 - Reconnecting to C++ backend in 3.0s …
2026-04-28 10:46:32.518 | INFO     | cpp_client:_do_connect:94 - Connecting to C++ backend at ws://localhost:9000/
2026-04-28 10:46:37.080 | INFO     | cpp_client:_do_connect:94 - Connecting to C++ backend at ws://localhost:9000/
2026-04-28 10:46:41.141 | WARNING  | cpp_client:_reconnect:139 - Reconnect attempt failed: Could not connect to C++ backend at ws://localhost:9000/: [WinError 1225] 远程计算机拒绝网络连接。
2026-04-28 10:46:41.141 | INFO     | cpp_client:_reconnect:130 - Reconnecting to C++ backend in 3.0s …
2026-04-28 10:46:44.149 | INFO     | cpp_client:_do_connect:94 - Connecting to C++ backend at ws://localhost:9000/
2026-04-28 10:46:48.714 | INFO     | cpp_client:_do_connect:94 - Connecting to C++ backend at ws://localhost:9000/
2026-04-28 10:46:52.812 | WARNING  | cpp_client:_reconnect:139 - Reconnect attempt failed: Could not connect to C++ backend at ws://localhost:9000/: [WinError 1225] 远程计算机拒绝网络连接。
2026-04-28 10:46:52.812 | INFO     | cpp_client:_reconnect:130 - Reconnecting to C++ backend in 3.0s …
2026-04-28 10:46:55.825 | INFO     | cpp_client:_do_connect:94 - Connecting to C++ backend at ws://localhost:9000/
2026-04-28 10:47:00.414 | INFO     | cpp_client:_do_connect:94 - Connecting to C++ backend at ws://localhost:9000/
2026-04-28 10:47:04.500 | WARNING  | cpp_client:_reconnect:139 - Reconnect attempt failed: Could not connect to C++ backend at ws://localhost:9000/: [WinError 1225] 远程计算机拒绝网络连接。
2026-04-28 10:47:04.502 | INFO     | cpp_client:_reconnect:130 - Reconnecting to C++ backend in 3.0s …
2026-04-28 10:47:07.517 | INFO     | cpp_client:_do_connect:94 - Connecting to C++ backend at ws://localhost:9000/
2026-04-28 10:47:12.078 | INFO     | cpp_client:_do_connect:94 - Connecting to C++ backend at ws://localhost:9000/
2026-04-28 10:47:16.141 | WARNING  | cpp_client:_reconnect:139 - Reconnect attempt failed: Could not connect to C++ backend at ws://localhost:9000/: [WinError 1225] 远程计算机拒绝网络连接。
2026-04-28 10:47:16.142 | INFO     | cpp_client:_reconnect:130 - Reconnecting to C++ backend in 3.0s …
2026-04-28 10:47:19.151 | INFO     | cpp_client:_do_connect:94 - Connecting to C++ backend at ws://localhost:9000/
2026-04-28 10:47:23.719 | INFO     | cpp_client:_do_connect:94 - Connecting to C++ backend at ws://localhost:9000/
2026-04-28 10:47:27.775 | WARNING  | cpp_client:_reconnect:139 - Reconnect attempt failed: Could not connect to C++ backend at ws://localhost:9000/: [WinError 1225] 远程计算机拒绝网络连接。
2026-04-28 10:47:27.777 | INFO     | cpp_client:_reconnect:130 - Reconnecting to C++ backend in 3.0s …
2026-04-28 10:47:30.786 | INFO     | cpp_client:_do_connect:94 - Connecting to C++ backend at ws://localhost:9000/
2026-04-28 10:47:35.348 | INFO     | cpp_client:_do_connect:94 - Connecting to C++ backend at ws://localhost:9000/
2026-04-28 10:47:39.418 | WARNING  | cpp_client:_reconnect:139 - Reconnect attempt failed: Could not connect to C++ backend at ws://localhost:9000/: [WinError 1225] 远程计算机拒绝网络连接。
2026-04-28 10:47:39.419 | INFO     | cpp_client:_reconnect:130 - Reconnecting to C++ backend in 3.0s …
2026-04-28 10:47:42.425 | INFO     | cpp_client:_do_connect:94 - Connecting to C++ backend at ws://localhost:9000/
2026-04-28 10:47:47.019 | INFO     | cpp_client:_do_connect:94 - Connecting to C++ backend at ws://localhost:9000/
2026-04-28 10:47:51.091 | WARNING  | cpp_client:_reconnect:139 - Reconnect attempt failed: Could not connect to C++ backend at ws://localhost:9000/: [WinError 1225] 远程计算机拒绝网络连接。
2026-04-28 10:47:51.091 | INFO     | cpp_client:_reconnect:130 - Reconnecting to C++ backend in 3.0s …
2026-04-28 10:47:54.105 | INFO     | cpp_client:_do_connect:94 - Connecting to C++ backend at ws://localhost:9000/
2026-04-28 10:47:58.672 | INFO     | cpp_client:_do_connect:94 - Connecting to C++ backend at ws://localhost:9000/
2026-04-28 10:48:02.754 | WARNING  | cpp_client:_reconnect:139 - Reconnect attempt failed: Could not connect to C++ backend at ws://localhost:9000/: [WinError 1225] 远程计算机拒绝网络连接。
2026-04-28 10:48:02.756 | INFO     | cpp_client:_reconnect:130 - Reconnecting to C++ backend in 3.0s …
2026-04-28 10:48:05.762 | INFO     | cpp_client:_do_connect:94 - Connecting to C++ backend at ws://localhost:9000/
2026-04-28 10:48:10.354 | INFO     | cpp_client:_do_connect:94 - Connecting to C++ backend at ws://localhost:9000/
2026-04-28 10:48:14.446 | WARNING  | cpp_client:_reconnect:139 - Reconnect attempt failed: Could not connect to C++ backend at ws://localhost:9000/: [WinError 1225] 远程计算机拒绝网络连接。
2026-04-28 10:48:14.446 | INFO     | cpp_client:_reconnect:130 - Reconnecting to C++ backend in 3.0s …
2026-04-28 10:48:17.462 | INFO     | cpp_client:_do_connect:94 - Connecting to C++ backend at ws://localhost:9000/
2026-04-28 10:48:22.041 | INFO     | cpp_client:_do_connect:94 - Connecting to C++ backend at ws://localhost:9000/
2026-04-28 10:48:26.110 | WARNING  | cpp_client:_reconnect:139 - Reconnect attempt failed: Could not connect to C++ backend at ws://localhost:9000/: [WinError 1225] 远程计算机拒绝网络连接。
2026-04-28 10:48:26.111 | INFO     | cpp_client:_reconnect:130 - Reconnecting to C++ backend in 3.0s …
2026-04-28 10:48:29.115 | INFO     | cpp_client:_do_connect:94 - Connecting to C++ backend at ws://localhost:9000/
2026-04-28 10:48:33.712 | INFO     | cpp_client:_do_connect:94 - Connecting to C++ backend at ws://localhost:9000/
2026-04-28 10:48:37.787 | WARNING  | cpp_client:_reconnect:139 - Reconnect attempt failed: Could not connect to C++ backend at ws://localhost:9000/: [WinError 1225] 远程计算机拒绝网络连接。
2026-04-28 10:48:37.787 | INFO     | cpp_client:_reconnect:130 - Reconnecting to C++ backend in 3.0s …
2026-04-28 10:48:40.789 | INFO     | cpp_client:_do_connect:94 - Connecting to C++ backend at ws://localhost:9000/
2026-04-28 10:48:45.362 | INFO     | cpp_client:_do_connect:94 - Connecting to C++ backend at ws://localhost:9000/
2026-04-28 10:48:49.425 | WARNING  | cpp_client:_reconnect:139 - Reconnect attempt failed: Could not connect to C++ backend at ws://localhost:9000/: [WinError 1225] 远程计算机拒绝网络连接。
2026-04-28 10:48:49.425 | INFO     | cpp_client:_reconnect:130 - Reconnecting to C++ backend in 3.0s …
2026-04-28 10:48:52.439 | INFO     | cpp_client:_do_connect:94 - Connecting to C++ backend at ws://localhost:9000/
2026-04-28 10:48:57.005 | INFO     | cpp_client:_do_connect:94 - Connecting to C++ backend at ws://localhost:9000/
2026-04-28 10:49:01.076 | WARNING  | cpp_client:_reconnect:139 - Reconnect attempt failed: Could not connect to C++ backend at ws://localhost:9000/: [WinError 1225] 远程计算机拒绝网络连接。
2026-04-28 10:49:01.076 | INFO     | cpp_client:_reconnect:130 - Reconnecting to C++ backend in 3.0s …
2026-04-28 10:49:04.078 | INFO     | cpp_client:_do_connect:94 - Connecting to C++ backend at ws://localhost:9000/
2026-04-28 10:49:08.668 | INFO     | cpp_client:_do_connect:94 - Connecting to C++ backend at ws://localhost:9000/
2026-04-28 10:49:12.742 | WARNING  | cpp_client:_reconnect:139 - Reconnect attempt failed: Could not connect to C++ backend at ws://localhost:9000/: [WinError 1225] 远程计算机拒绝网络连接。
2026-04-28 10:49:12.742 | INFO     | cpp_client:_reconnect:130 - Reconnecting to C++ backend in 3.0s …
2026-04-28 10:49:15.748 | INFO     | cpp_client:_do_connect:94 - Connecting to C++ backend at ws://localhost:9000/
2026-04-28 10:49:20.341 | INFO     | cpp_client:_do_connect:94 - Connecting to C++ backend at ws://localhost:9000/
2026-04-28 10:49:24.425 | WARNING  | cpp_client:_reconnect:139 - Reconnect attempt failed: Could not connect to C++ backend at ws://localhost:9000/: [WinError 1225] 远程计算机拒绝网络连接。
2026-04-28 10:49:24.425 | INFO     | cpp_client:_reconnect:130 - Reconnecting to C++ backend in 3.0s …
2026-04-28 10:49:27.429 | INFO     | cpp_client:_do_connect:94 - Connecting to C++ backend at ws://localhost:9000/
2026-04-28 10:49:32.018 | INFO     | cpp_client:_do_connect:94 - Connecting to C++ backend at ws://localhost:9000/
2026-04-28 10:49:36.104 | WARNING  | cpp_client:_reconnect:139 - Reconnect attempt failed: Could not connect to C++ backend at ws://localhost:9000/: [WinError 1225] 远程计算机拒绝网络连接。
2026-04-28 10:49:36.104 | INFO     | cpp_client:_reconnect:130 - Reconnecting to C++ backend in 3.0s …
2026-04-28 10:49:39.112 | INFO     | cpp_client:_do_connect:94 - Connecting to C++ backend at ws://localhost:9000/
2026-04-28 10:49:43.698 | INFO     | cpp_client:_do_connect:94 - Connecting to C++ backend at ws://localhost:9000/
2026-04-28 10:49:47.773 | WARNING  | cpp_client:_reconnect:139 - Reconnect attempt failed: Could not connect to C++ backend at ws://localhost:9000/: [WinError 1225] 远程计算机拒绝网络连接。
2026-04-28 10:49:47.773 | INFO     | cpp_client:_reconnect:130 - Reconnecting to C++ backend in 3.0s …
2026-04-28 10:49:50.782 | INFO     | cpp_client:_do_connect:94 - Connecting to C++ backend at ws://localhost:9000/
2026-04-28 10:49:55.363 | INFO     | cpp_client:_do_connect:94 - Connecting to C++ backend at ws://localhost:9000/
2026-04-28 10:49:59.441 | WARNING  | cpp_client:_reconnect:139 - Reconnect attempt failed: Could not connect to C++ backend at ws://localhost:9000/: [WinError 1225] 远程计算机拒绝网络连接。
2026-04-28 10:49:59.441 | INFO     | cpp_client:_reconnect:130 - Reconnecting to C++ backend in 3.0s …
2026-04-28 10:50:02.443 | INFO     | cpp_client:_do_connect:94 - Connecting to C++ backend at ws://localhost:9000/
2026-04-28 10:50:07.045 | INFO     | cpp_client:_do_connect:94 - Connecting to C++ backend at ws://localhost:9000/
2026-04-28 10:50:11.121 | WARNING  | cpp_client:_reconnect:139 - Reconnect attempt failed: Could not connect to C++ backend at ws://localhost:9000/: [WinError 1225] 远程计算机拒绝网络连接。
2026-04-28 10:50:11.121 | INFO     | cpp_client:_reconnect:130 - Reconnecting to C++ backend in 3.0s …
2026-04-28 10:50:14.130 | INFO     | cpp_client:_do_connect:94 - Connecting to C++ backend at ws://localhost:9000/
2026-04-28 10:50:18.686 | INFO     | cpp_client:_do_connect:94 - Connecting to C++ backend at ws://localhost:9000/
2026-04-28 10:50:22.747 | WARNING  | cpp_client:_reconnect:139 - Reconnect attempt failed: Could not connect to C++ backend at ws://localhost:9000/: [WinError 1225] 远程计算机拒绝网络连接。
2026-04-28 10:50:22.748 | INFO     | cpp_client:_reconnect:130 - Reconnecting to C++ backend in 3.0s …
2026-04-28 10:50:25.754 | INFO     | cpp_client:_do_connect:94 - Connecting to C++ backend at ws://localhost:9000/
2026-04-28 10:50:30.348 | INFO     | cpp_client:_do_connect:94 - Connecting to C++ backend at ws://localhost:9000/
2026-04-28 10:50:34.423 | WARNING  | cpp_client:_reconnect:139 - Reconnect attempt failed: Could not connect to C++ backend at ws://localhost:9000/: [WinError 1225] 远程计算机拒绝网络连接。
2026-04-28 10:50:34.424 | INFO     | cpp_client:_reconnect:130 - Reconnecting to C++ backend in 3.0s …
2026-04-28 10:50:37.434 | INFO     | cpp_client:_do_connect:94 - Connecting to C++ backend at ws://localhost:9000/
2026-04-28 10:50:42.041 | INFO     | cpp_client:_do_connect:94 - Connecting to C++ backend at ws://localhost:9000/
2026-04-28 10:50:46.099 | WARNING  | cpp_client:_reconnect:139 - Reconnect attempt failed: Could not connect to C++ backend at ws://localhost:9000/: [WinError 1225] 远程计算机拒绝网络连接。
2026-04-28 10:50:46.099 | INFO     | cpp_client:_reconnect:130 - Reconnecting to C++ backend in 3.0s …
2026-04-28 10:50:49.100 | INFO     | cpp_client:_do_connect:94 - Connecting to C++ backend at ws://localhost:9000/
2026-04-28 10:50:53.696 | INFO     | cpp_client:_do_connect:94 - Connecting to C++ backend at ws://localhost:9000/
2026-04-28 10:50:57.769 | WARNING  | cpp_client:_reconnect:139 - Reconnect attempt failed: Could not connect to C++ backend at ws://localhost:9000/: [WinError 1225] 远程计算机拒绝网络连接。
2026-04-28 10:50:57.769 | INFO     | cpp_client:_reconnect:130 - Reconnecting to C++ backend in 3.0s …
2026-04-28 10:51:00.774 | INFO     | cpp_client:_do_connect:94 - Connecting to C++ backend at ws://localhost:9000/
2026-04-28 10:51:05.351 | INFO     | cpp_client:_do_connect:94 - Connecting to C++ backend at ws://localhost:9000/
2026-04-28 10:51:09.403 | WARNING  | cpp_client:_reconnect:139 - Reconnect attempt failed: Could not connect to C++ backend at ws://localhost:9000/: [WinError 1225] 远程计算机拒绝网络连接。
2026-04-28 10:51:09.403 | INFO     | cpp_client:_reconnect:130 - Reconnecting to C++ backend in 3.0s …
2026-04-28 10:51:12.406 | INFO     | cpp_client:_do_connect:94 - Connecting to C++ backend at ws://localhost:9000/
2026-04-28 10:51:16.982 | INFO     | cpp_client:_do_connect:94 - Connecting to C++ backend at ws://localhost:9000/
2026-04-28 10:51:21.035 | WARNING  | cpp_client:_reconnect:139 - Reconnect attempt failed: Could not connect to C++ backend at ws://localhost:9000/: [WinError 1225] 远程计算机拒绝网络连接。
2026-04-28 10:51:21.035 | INFO     | cpp_client:_reconnect:130 - Reconnecting to C++ backend in 3.0s …
2026-04-28 10:51:24.036 | INFO     | cpp_client:_do_connect:94 - Connecting to C++ backend at ws://localhost:9000/
2026-04-28 10:51:28.603 | INFO     | cpp_client:_do_connect:94 - Connecting to C++ backend at ws://localhost:9000/
2026-04-28 10:51:32.660 | WARNING  | cpp_client:_reconnect:139 - Reconnect attempt failed: Could not connect to C++ backend at ws://localhost:9000/: [WinError 1225] 远程计算机拒绝网络连接。
2026-04-28 10:51:32.660 | INFO     | cpp_client:_reconnect:130 - Reconnecting to C++ backend in 3.0s …
2026-04-28 10:51:35.669 | INFO     | cpp_client:_do_connect:94 - Connecting to C++ backend at ws://localhost:9000/
2026-04-28 10:51:40.238 | INFO     | cpp_client:_do_connect:94 - Connecting to C++ backend at ws://localhost:9000/
2026-04-28 10:51:44.323 | WARNING  | cpp_client:_reconnect:139 - Reconnect attempt failed: Could not connect to C++ backend at ws://localhost:9000/: [WinError 1225] 远程计算机拒绝网络连接。
2026-04-28 10:51:44.323 | INFO     | cpp_client:_reconnect:130 - Reconnecting to C++ backend in 3.0s …
2026-04-28 10:51:47.331 | INFO     | cpp_client:_do_connect:94 - Connecting to C++ backend at ws://localhost:9000/
2026-04-28 10:51:51.902 | INFO     | cpp_client:_do_connect:94 - Connecting to C++ backend at ws://localhost:9000/
2026-04-28 10:51:55.976 | WARNING  | cpp_client:_reconnect:139 - Reconnect attempt failed: Could not connect to C++ backend at ws://localhost:9000/: [WinError 1225] 远程计算机拒绝网络连接。
2026-04-28 10:51:55.978 | INFO     | cpp_client:_reconnect:130 - Reconnecting to C++ backend in 3.0s …
2026-04-28 10:51:58.986 | INFO     | cpp_client:_do_connect:94 - Connecting to C++ backend at ws://localhost:9000/
2026-04-28 10:52:03.600 | INFO     | cpp_client:_do_connect:94 - Connecting to C++ backend at ws://localhost:9000/
2026-04-28 10:52:07.699 | WARNING  | cpp_client:_reconnect:139 - Reconnect attempt failed: Could not connect to C++ backend at ws://localhost:9000/: [WinError 1225] 远程计算机拒绝网络连接。
2026-04-28 10:52:07.699 | INFO     | cpp_client:_reconnect:130 - Reconnecting to C++ backend in 3.0s …
2026-04-28 10:52:10.722 | INFO     | cpp_client:_do_connect:94 - Connecting to C++ backend at ws://localhost:9000/
2026-04-28 10:52:15.289 | INFO     | cpp_client:_do_connect:94 - Connecting to C++ backend at ws://localhost:9000/
2026-04-28 10:52:19.348 | WARNING  | cpp_client:_reconnect:139 - Reconnect attempt failed: Could not connect to C++ backend at ws://localhost:9000/: [WinError 1225] 远程计算机拒绝网络连接。
2026-04-28 10:52:19.350 | INFO     | cpp_client:_reconnect:130 - Reconnecting to C++ backend in 3.0s …
2026-04-28 10:52:22.365 | INFO     | cpp_client:_do_connect:94 - Connecting to C++ backend at ws://localhost:9000/
2026-04-28 10:52:26.959 | INFO     | cpp_client:_do_connect:94 - Connecting to C++ backend at ws://localhost:9000/
2026-04-28 10:52:31.021 | WARNING  | cpp_client:_reconnect:139 - Reconnect attempt failed: Could not connect to C++ backend at ws://localhost:9000/: [WinError 1225] 远程计算机拒绝网络连接。
2026-04-28 10:52:31.021 | INFO     | cpp_client:_reconnect:130 - Reconnecting to C++ backend in 3.0s …
2026-04-28 10:52:34.032 | INFO     | cpp_client:_do_connect:94 - Connecting to C++ backend at ws://localhost:9000/
2026-04-28 10:52:38.620 | INFO     | cpp_client:_do_connect:94 - Connecting to C++ backend at ws://localhost:9000/
2026-04-28 10:52:41.180 | INFO     | cpp_client:_do_connect:111 - Connected to C++ backend
2026-04-28 10:52:41.180 | INFO     | cpp_client:_reconnect:136 - Reconnected to C++ backend
2026-04-28 10:53:52.391 | WARNING  | cpp_client:_receive_loop:120 - C++ backend connection closed: no close frame received or sent
2026-04-28 10:53:52.391 | INFO     | cpp_client:_reconnect:130 - Reconnecting to C++ backend in 3.0s …
2026-04-28 10:53:55.403 | INFO     | cpp_client:_do_connect:94 - Connecting to C++ backend at ws://localhost:9000/
2026-04-28 10:53:57.467 | INFO     | cpp_client:_do_connect:111 - Connected to C++ backend
2026-04-28 10:53:57.467 | INFO     | cpp_client:_reconnect:136 - Reconnected to C++ backend
2026-04-28 10:53:57.467 | WARNING  | cpp_client:_receive_loop:120 - C++ backend connection closed: sent 1002 (protocol error) invalid status code; no close frame received
2026-04-28 10:53:57.467 | INFO     | cpp_client:_reconnect:130 - Reconnecting to C++ backend in 3.0s …
2026-04-28 10:54:00.485 | INFO     | cpp_client:_do_connect:94 - Connecting to C++ backend at ws://localhost:9000/
2026-04-28 10:54:02.550 | INFO     | cpp_client:_do_connect:111 - Connected to C++ backend
2026-04-28 10:54:02.550 | INFO     | cpp_client:_reconnect:136 - Reconnected to C++ backend
2026-04-28 10:54:02.552 | WARNING  | cpp_client:_receive_loop:120 - C++ backend connection closed: sent 1002 (protocol error) invalid status code; no close frame received
2026-04-28 10:54:02.552 | INFO     | cpp_client:_reconnect:130 - Reconnecting to C++ backend in 3.0s …
2026-04-28 10:54:05.563 | INFO     | cpp_client:_do_connect:94 - Connecting to C++ backend at ws://localhost:9000/
2026-04-28 10:54:07.630 | INFO     | cpp_client:_do_connect:111 - Connected to C++ backend
2026-04-28 10:54:07.630 | INFO     | cpp_client:_reconnect:136 - Reconnected to C++ backend
2026-04-28 10:54:07.630 | WARNING  | cpp_client:_receive_loop:120 - C++ backend connection closed: sent 1002 (protocol error) invalid status code; no close frame received
2026-04-28 10:54:07.630 | INFO     | cpp_client:_reconnect:130 - Reconnecting to C++ backend in 3.0s …
2026-04-28 10:54:10.646 | INFO     | cpp_client:_do_connect:94 - Connecting to C++ backend at ws://localhost:9000/
2026-04-28 10:54:15.206 | INFO     | cpp_client:_do_connect:94 - Connecting to C++ backend at ws://localhost:9000/
2026-04-28 10:54:19.249 | WARNING  | cpp_client:_reconnect:139 - Reconnect attempt failed: Could not connect to C++ backend at ws://localhost:9000/: [WinError 1225] 远程计算机拒绝网络连接。
2026-04-28 10:54:19.249 | INFO     | cpp_client:_reconnect:130 - Reconnecting to C++ backend in 3.0s …
2026-04-28 10:54:22.258 | INFO     | cpp_client:_do_connect:94 - Connecting to C++ backend at ws://localhost:9000/
2026-04-28 10:54:26.861 | INFO     | cpp_client:_do_connect:94 - Connecting to C++ backend at ws://localhost:9000/
2026-04-28 10:54:30.948 | WARNING  | cpp_client:_reconnect:139 - Reconnect attempt failed: Could not connect to C++ backend at ws://localhost:9000/: [WinError 1225] 远程计算机拒绝网络连接。
2026-04-28 10:54:30.948 | INFO     | cpp_client:_reconnect:130 - Reconnecting to C++ backend in 3.0s …
2026-04-28 10:54:33.955 | INFO     | cpp_client:_do_connect:94 - Connecting to C++ backend at ws://localhost:9000/
2026-04-28 10:54:38.547 | INFO     | cpp_client:_do_connect:94 - Connecting to C++ backend at ws://localhost:9000/
2026-04-28 10:54:42.623 | WARNING  | cpp_client:_reconnect:139 - Reconnect attempt failed: Could not connect to C++ backend at ws://localhost:9000/: [WinError 1225] 远程计算机拒绝网络连接。
2026-04-28 10:54:42.623 | INFO     | cpp_client:_reconnect:130 - Reconnecting to C++ backend in 3.0s …
2026-04-28 10:54:45.631 | INFO     | cpp_client:_do_connect:94 - Connecting to C++ backend at ws://localhost:9000/
2026-04-28 10:54:50.199 | INFO     | cpp_client:_do_connect:94 - Connecting to C++ backend at ws://localhost:9000/
2026-04-28 10:54:54.258 | WARNING  | cpp_client:_reconnect:139 - Reconnect attempt failed: Could not connect to C++ backend at ws://localhost:9000/: [WinError 1225] 远程计算机拒绝网络连接。
2026-04-28 10:54:54.258 | INFO     | cpp_client:_reconnect:130 - Reconnecting to C++ backend in 3.0s …
2026-04-28 10:54:57.274 | INFO     | cpp_client:_do_connect:94 - Connecting to C++ backend at ws://localhost:9000/
2026-04-28 10:55:01.834 | INFO     | cpp_client:_do_connect:94 - Connecting to C++ backend at ws://localhost:9000/
2026-04-28 10:55:05.900 | WARNING  | cpp_client:_reconnect:139 - Reconnect attempt failed: Could not connect to C++ backend at ws://localhost:9000/: [WinError 1225] 远程计算机拒绝网络连接。
2026-04-28 10:55:05.900 | INFO     | cpp_client:_reconnect:130 - Reconnecting to C++ backend in 3.0s …
2026-04-28 10:55:08.912 | INFO     | cpp_client:_do_connect:94 - Connecting to C++ backend at ws://localhost:9000/
2026-04-28 10:55:13.476 | INFO     | cpp_client:_do_connect:94 - Connecting to C++ backend at ws://localhost:9000/
2026-04-28 10:55:17.528 | WARNING  | cpp_client:_reconnect:139 - Reconnect attempt failed: Could not connect to C++ backend at ws://localhost:9000/: [WinError 1225] 远程计算机拒绝网络连接。
2026-04-28 10:55:17.528 | INFO     | cpp_client:_reconnect:130 - Reconnecting to C++ backend in 3.0s …
2026-04-28 10:55:20.545 | INFO     | cpp_client:_do_connect:94 - Connecting to C++ backend at ws://localhost:9000/
2026-04-28 10:55:25.149 | INFO     | cpp_client:_do_connect:94 - Connecting to C++ backend at ws://localhost:9000/
2026-04-28 10:55:29.223 | WARNING  | cpp_client:_reconnect:139 - Reconnect attempt failed: Could not connect to C++ backend at ws://localhost:9000/: [WinError 1225] 远程计算机拒绝网络连接。
2026-04-28 10:55:29.223 | INFO     | cpp_client:_reconnect:130 - Reconnecting to C++ backend in 3.0s …
2026-04-28 10:55:32.233 | INFO     | cpp_client:_do_connect:94 - Connecting to C++ backend at ws://localhost:9000/
2026-04-28 10:55:36.803 | INFO     | cpp_client:_do_connect:94 - Connecting to C++ backend at ws://localhost:9000/
2026-04-28 10:55:40.874 | WARNING  | cpp_client:_reconnect:139 - Reconnect attempt failed: Could not connect to C++ backend at ws://localhost:9000/: [WinError 1225] 远程计算机拒绝网络连接。
2026-04-28 10:55:40.874 | INFO     | cpp_client:_reconnect:130 - Reconnecting to C++ backend in 3.0s …
2026-04-28 10:55:43.883 | INFO     | cpp_client:_do_connect:94 - Connecting to C++ backend at ws://localhost:9000/
2026-04-28 10:55:48.484 | INFO     | cpp_client:_do_connect:94 - Connecting to C++ backend at ws://localhost:9000/
2026-04-28 10:55:52.561 | WARNING  | cpp_client:_reconnect:139 - Reconnect attempt failed: Could not connect to C++ backend at ws://localhost:9000/: [WinError 1225] 远程计算机拒绝网络连接。
2026-04-28 10:55:52.561 | INFO     | cpp_client:_reconnect:130 - Reconnecting to C++ backend in 3.0s …
2026-04-28 10:55:55.566 | INFO     | cpp_client:_do_connect:94 - Connecting to C++ backend at ws://localhost:9000/
2026-04-28 10:56:00.157 | INFO     | cpp_client:_do_connect:94 - Connecting to C++ backend at ws://localhost:9000/
2026-04-28 10:56:04.248 | WARNING  | cpp_client:_reconnect:139 - Reconnect attempt failed: Could not connect to C++ backend at ws://localhost:9000/: [WinError 1225] 远程计算机拒绝网络连接。
2026-04-28 10:56:04.248 | INFO     | cpp_client:_reconnect:130 - Reconnecting to C++ backend in 3.0s …
2026-04-28 10:56:07.264 | INFO     | cpp_client:_do_connect:94 - Connecting to C++ backend at ws://localhost:9000/
2026-04-28 10:56:11.856 | INFO     | cpp_client:_do_connect:94 - Connecting to C++ backend at ws://localhost:9000/
2026-04-28 10:56:15.934 | WARNING  | cpp_client:_reconnect:139 - Reconnect attempt failed: Could not connect to C++ backend at ws://localhost:9000/: [WinError 1225] 远程计算机拒绝网络连接。
2026-04-28 10:56:15.934 | INFO     | cpp_client:_reconnect:130 - Reconnecting to C++ backend in 3.0s …
2026-04-28 10:56:18.950 | INFO     | cpp_client:_do_connect:94 - Connecting to C++ backend at ws://localhost:9000/
2026-04-28 10:56:23.537 | INFO     | cpp_client:_do_connect:94 - Connecting to C++ backend at ws://localhost:9000/
2026-04-28 10:56:27.619 | WARNING  | cpp_client:_reconnect:139 - Reconnect attempt failed: Could not connect to C++ backend at ws://localhost:9000/: [WinError 1225] 远程计算机拒绝网络连接。
2026-04-28 10:56:27.619 | INFO     | cpp_client:_reconnect:130 - Reconnecting to C++ backend in 3.0s …
2026-04-28 10:56:30.634 | INFO     | cpp_client:_do_connect:94 - Connecting to C++ backend at ws://localhost:9000/
2026-04-28 10:56:35.198 | INFO     | cpp_client:_do_connect:94 - Connecting to C++ backend at ws://localhost:9000/
2026-04-28 10:56:39.268 | WARNING  | cpp_client:_reconnect:139 - Reconnect attempt failed: Could not connect to C++ backend at ws://localhost:9000/: [WinError 1225] 远程计算机拒绝网络连接。
2026-04-28 10:56:39.269 | INFO     | cpp_client:_reconnect:130 - Reconnecting to C++ backend in 3.0s …
2026-04-28 10:56:42.284 | INFO     | cpp_client:_do_connect:94 - Connecting to C++ backend at ws://localhost:9000/
2026-04-28 10:56:46.844 | INFO     | cpp_client:_do_connect:94 - Connecting to C++ backend at ws://localhost:9000/
2026-04-28 10:56:50.897 | WARNING  | cpp_client:_reconnect:139 - Reconnect attempt failed: Could not connect to C++ backend at ws://localhost:9000/: [WinError 1225] 远程计算机拒绝网络连接。
2026-04-28 10:56:50.898 | INFO     | cpp_client:_reconnect:130 - Reconnecting to C++ backend in 3.0s …
2026-04-28 10:56:53.901 | INFO     | cpp_client:_do_connect:94 - Connecting to C++ backend at ws://localhost:9000/
2026-04-28 10:56:58.455 | INFO     | cpp_client:_do_connect:94 - Connecting to C++ backend at ws://localhost:9000/
2026-04-28 10:57:02.501 | WARNING  | cpp_client:_reconnect:139 - Reconnect attempt failed: Could not connect to C++ backend at ws://localhost:9000/: [WinError 1225] 远程计算机拒绝网络连接。
2026-04-28 10:57:02.501 | INFO     | cpp_client:_reconnect:130 - Reconnecting to C++ backend in 3.0s …
2026-04-28 10:57:05.504 | INFO     | cpp_client:_do_connect:94 - Connecting to C++ backend at ws://localhost:9000/
2026-04-28 10:57:10.062 | INFO     | cpp_client:_do_connect:94 - Connecting to C++ backend at ws://localhost:9000/
2026-04-28 10:57:14.112 | WARNING  | cpp_client:_reconnect:139 - Reconnect attempt failed: Could not connect to C++ backend at ws://localhost:9000/: [WinError 1225] 远程计算机拒绝网络连接。
2026-04-28 10:57:14.112 | INFO     | cpp_client:_reconnect:130 - Reconnecting to C++ backend in 3.0s …
2026-04-28 10:57:17.119 | INFO     | cpp_client:_do_connect:94 - Connecting to C++ backend at ws://localhost:9000/
2026-04-28 10:57:21.662 | INFO     | cpp_client:_do_connect:94 - Connecting to C++ backend at ws://localhost:9000/
2026-04-28 10:57:25.714 | WARNING  | cpp_client:_reconnect:139 - Reconnect attempt failed: Could not connect to C++ backend at ws://localhost:9000/: [WinError 1225] 远程计算机拒绝网络连接。
2026-04-28 10:57:25.714 | INFO     | cpp_client:_reconnect:130 - Reconnecting to C++ backend in 3.0s …
2026-04-28 10:57:28.723 | INFO     | cpp_client:_do_connect:94 - Connecting to C++ backend at ws://localhost:9000/
2026-04-28 10:57:33.282 | INFO     | cpp_client:_do_connect:94 - Connecting to C++ backend at ws://localhost:9000/
2026-04-28 10:57:37.373 | WARNING  | cpp_client:_reconnect:139 - Reconnect attempt failed: Could not connect to C++ backend at ws://localhost:9000/: [WinError 1225] 远程计算机拒绝网络连接。
2026-04-28 10:57:37.374 | INFO     | cpp_client:_reconnect:130 - Reconnecting to C++ backend in 3.0s …
2026-04-28 10:57:40.384 | INFO     | cpp_client:_do_connect:94 - Connecting to C++ backend at ws://localhost:9000/
2026-04-28 10:57:44.945 | INFO     | cpp_client:_do_connect:94 - Connecting to C++ backend at ws://localhost:9000/
2026-04-28 10:57:48.994 | WARNING  | cpp_client:_reconnect:139 - Reconnect attempt failed: Could not connect to C++ backend at ws://localhost:9000/: [WinError 1225] 远程计算机拒绝网络连接。
2026-04-28 10:57:48.995 | INFO     | cpp_client:_reconnect:130 - Reconnecting to C++ backend in 3.0s …
2026-04-28 10:57:52.011 | INFO     | cpp_client:_do_connect:94 - Connecting to C++ backend at ws://localhost:9000/
2026-04-28 10:57:56.569 | INFO     | cpp_client:_do_connect:94 - Connecting to C++ backend at ws://localhost:9000/
2026-04-28 10:58:00.626 | WARNING  | cpp_client:_reconnect:139 - Reconnect attempt failed: Could not connect to C++ backend at ws://localhost:9000/: [WinError 1225] 远程计算机拒绝网络连接。
2026-04-28 10:58:00.626 | INFO     | cpp_client:_reconnect:130 - Reconnecting to C++ backend in 3.0s …
2026-04-28 10:58:03.632 | INFO     | cpp_client:_do_connect:94 - Connecting to C++ backend at ws://localhost:9000/
2026-04-28 10:58:05.700 | INFO     | cpp_client:_do_connect:111 - Connected to C++ backend
2026-04-28 10:58:05.701 | INFO     | cpp_client:_reconnect:136 - Reconnected to C++ backend
2026-04-28 10:58:05.701 | WARNING  | cpp_client:_receive_loop:120 - C++ backend connection closed: sent 1002 (protocol error) invalid status code; no close frame received
2026-04-28 10:58:05.701 | INFO     | cpp_client:_reconnect:130 - Reconnecting to C++ backend in 3.0s …
2026-04-28 10:58:08.707 | INFO     | cpp_client:_do_connect:94 - Connecting to C++ backend at ws://localhost:9000/
2026-04-28 10:58:10.759 | INFO     | cpp_client:_do_connect:111 - Connected to C++ backend
2026-04-28 10:58:10.759 | INFO     | cpp_client:_reconnect:136 - Reconnected to C++ backend
2026-04-28 10:58:10.759 | WARNING  | cpp_client:_receive_loop:120 - C++ backend connection closed: sent 1002 (protocol error) invalid status code; no close frame received
2026-04-28 10:58:10.759 | INFO     | cpp_client:_reconnect:130 - Reconnecting to C++ backend in 3.0s …
2026-04-28 10:58:13.768 | INFO     | cpp_client:_do_connect:94 - Connecting to C++ backend at ws://localhost:9000/
2026-04-28 10:58:15.836 | INFO     | cpp_client:_do_connect:111 - Connected to C++ backend
2026-04-28 10:58:15.836 | INFO     | cpp_client:_reconnect:136 - Reconnected to C++ backend
2026-04-28 10:58:15.837 | WARNING  | cpp_client:_receive_loop:120 - C++ backend connection closed: sent 1002 (protocol error) invalid status code; no close frame received
2026-04-28 10:58:15.837 | INFO     | cpp_client:_reconnect:130 - Reconnecting to C++ backend in 3.0s …
2026-04-28 10:58:18.851 | INFO     | cpp_client:_do_connect:94 - Connecting to C++ backend at ws://localhost:9000/
2026-04-28 10:58:20.908 | INFO     | cpp_client:_do_connect:111 - Connected to C++ backend
2026-04-28 10:58:20.908 | INFO     | cpp_client:_reconnect:136 - Reconnected to C++ backend
2026-04-28 10:58:20.908 | WARNING  | cpp_client:_receive_loop:120 - C++ backend connection closed: sent 1002 (protocol error) invalid status code; no close frame received
2026-04-28 10:58:20.908 | INFO     | cpp_client:_reconnect:130 - Reconnecting to C++ backend in 3.0s …
2026-04-28 10:58:23.921 | INFO     | cpp_client:_do_connect:94 - Connecting to C++ backend at ws://localhost:9000/
2026-04-28 10:58:25.972 | INFO     | cpp_client:_do_connect:111 - Connected to C++ backend
2026-04-28 10:58:25.972 | INFO     | cpp_client:_reconnect:136 - Reconnected to C++ backend
2026-04-28 10:58:25.972 | WARNING  | cpp_client:_receive_loop:120 - C++ backend connection closed: sent 1002 (protocol error) invalid status code; no close frame received
2026-04-28 10:58:25.972 | INFO     | cpp_client:_reconnect:130 - Reconnecting to C++ backend in 3.0s …
2026-04-28 10:58:28.987 | INFO     | cpp_client:_do_connect:94 - Connecting to C++ backend at ws://localhost:9000/
2026-04-28 10:58:31.037 | INFO     | cpp_client:_do_connect:111 - Connected to C++ backend
2026-04-28 10:58:31.037 | INFO     | cpp_client:_reconnect:136 - Reconnected to C++ backend
2026-04-28 10:58:31.037 | WARNING  | cpp_client:_receive_loop:120 - C++ backend connection closed: sent 1002 (protocol error) invalid status code; no close frame received
2026-04-28 10:58:31.038 | INFO     | cpp_client:_reconnect:130 - Reconnecting to C++ backend in 3.0s …
2026-04-28 10:58:34.042 | INFO     | cpp_client:_do_connect:94 - Connecting to C++ backend at ws://localhost:9000/
2026-04-28 10:58:36.088 | INFO     | cpp_client:_do_connect:111 - Connected to C++ backend
2026-04-28 10:58:36.088 | INFO     | cpp_client:_reconnect:136 - Reconnected to C++ backend
2026-04-28 10:58:36.089 | WARNING  | cpp_client:_receive_loop:120 - C++ backend connection closed: sent 1002 (protocol error) invalid status code; no close frame received
2026-04-28 10:58:36.089 | INFO     | cpp_client:_reconnect:130 - Reconnecting to C++ backend in 3.0s …
2026-04-28 10:58:39.101 | INFO     | cpp_client:_do_connect:94 - Connecting to C++ backend at ws://localhost:9000/
2026-04-28 10:58:41.149 | INFO     | cpp_client:_do_connect:111 - Connected to C++ backend
2026-04-28 10:58:41.149 | INFO     | cpp_client:_reconnect:136 - Reconnected to C++ backend
2026-04-28 10:58:41.149 | WARNING  | cpp_client:_receive_loop:120 - C++ backend connection closed: sent 1002 (protocol error) invalid status code; no close frame received
2026-04-28 10:58:41.149 | INFO     | cpp_client:_reconnect:130 - Reconnecting to C++ backend in 3.0s …
2026-04-28 10:58:44.161 | INFO     | cpp_client:_do_connect:94 - Connecting to C++ backend at ws://localhost:9000/
2026-04-28 10:58:46.197 | INFO     | cpp_client:_do_connect:111 - Connected to C++ backend
2026-04-28 10:58:46.198 | INFO     | cpp_client:_reconnect:136 - Reconnected to C++ backend
2026-04-28 10:58:46.198 | WARNING  | cpp_client:_receive_loop:120 - C++ backend connection closed: sent 1002 (protocol error) invalid status code; no close frame received
2026-04-28 10:58:46.198 | INFO     | cpp_client:_reconnect:130 - Reconnecting to C++ backend in 3.0s …
2026-04-28 10:58:49.207 | INFO     | cpp_client:_do_connect:94 - Connecting to C++ backend at ws://localhost:9000/
2026-04-28 10:58:51.287 | INFO     | cpp_client:_do_connect:111 - Connected to C++ backend
2026-04-28 10:58:51.287 | INFO     | cpp_client:_reconnect:136 - Reconnected to C++ backend
2026-04-28 10:58:51.288 | WARNING  | cpp_client:_receive_loop:120 - C++ backend connection closed: sent 1002 (protocol error) invalid status code; no close frame received
2026-04-28 10:58:51.288 | INFO     | cpp_client:_reconnect:130 - Reconnecting to C++ backend in 3.0s …
2026-04-28 10:58:54.292 | INFO     | cpp_client:_do_connect:94 - Connecting to C++ backend at ws://localhost:9000/
2026-04-28 10:58:56.366 | INFO     | cpp_client:_do_connect:111 - Connected to C++ backend
2026-04-28 10:58:56.366 | INFO     | cpp_client:_reconnect:136 - Reconnected to C++ backend
2026-04-28 10:58:56.367 | WARNING  | cpp_client:_receive_loop:120 - C++ backend connection closed: sent 1002 (protocol error) invalid status code; no close frame received
2026-04-28 10:58:56.367 | INFO     | cpp_client:_reconnect:130 - Reconnecting to C++ backend in 3.0s …
2026-04-28 10:58:59.371 | INFO     | cpp_client:_do_connect:94 - Connecting to C++ backend at ws://localhost:9000/
2026-04-28 10:59:01.442 | INFO     | cpp_client:_do_connect:111 - Connected to C++ backend
2026-04-28 10:59:01.442 | INFO     | cpp_client:_reconnect:136 - Reconnected to C++ backend
2026-04-28 10:59:01.442 | WARNING  | cpp_client:_receive_loop:120 - C++ backend connection closed: sent 1002 (protocol error) invalid status code; no close frame received
2026-04-28 10:59:01.444 | INFO     | cpp_client:_reconnect:130 - Reconnecting to C++ backend in 3.0s …
2026-04-28 10:59:04.457 | INFO     | cpp_client:_do_connect:94 - Connecting to C++ backend at ws://localhost:9000/
2026-04-28 10:59:06.530 | INFO     | cpp_client:_do_connect:111 - Connected to C++ backend
2026-04-28 10:59:06.530 | INFO     | cpp_client:_reconnect:136 - Reconnected to C++ backend
2026-04-28 10:59:06.530 | WARNING  | cpp_client:_receive_loop:120 - C++ backend connection closed: sent 1002 (protocol error) invalid status code; no close frame received
2026-04-28 10:59:06.530 | INFO     | cpp_client:_reconnect:130 - Reconnecting to C++ backend in 3.0s …
2026-04-28 10:59:09.543 | INFO     | cpp_client:_do_connect:94 - Connecting to C++ backend at ws://localhost:9000/
2026-04-28 10:59:11.603 | INFO     | cpp_client:_do_connect:111 - Connected to C++ backend
2026-04-28 10:59:11.603 | INFO     | cpp_client:_reconnect:136 - Reconnected to C++ backend
2026-04-28 10:59:11.603 | WARNING  | cpp_client:_receive_loop:120 - C++ backend connection closed: sent 1002 (protocol error) invalid status code; no close frame received
2026-04-28 10:59:11.603 | INFO     | cpp_client:_reconnect:130 - Reconnecting to C++ backend in 3.0s …
2026-04-28 10:59:14.618 | INFO     | cpp_client:_do_connect:94 - Connecting to C++ backend at ws://localhost:9000/
2026-04-28 10:59:16.678 | INFO     | cpp_client:_do_connect:111 - Connected to C++ backend
2026-04-28 10:59:16.678 | INFO     | cpp_client:_reconnect:136 - Reconnected to C++ backend
2026-04-28 10:59:16.678 | WARNING  | cpp_client:_receive_loop:120 - C++ backend connection closed: sent 1002 (protocol error) invalid status code; no close frame received
2026-04-28 10:59:16.678 | INFO     | cpp_client:_reconnect:130 - Reconnecting to C++ backend in 3.0s …
2026-04-28 10:59:19.685 | INFO     | cpp_client:_do_connect:94 - Connecting to C++ backend at ws://localhost:9000/
2026-04-28 10:59:21.738 | INFO     | cpp_client:_do_connect:111 - Connected to C++ backend
2026-04-28 10:59:21.738 | INFO     | cpp_client:_reconnect:136 - Reconnected to C++ backend
2026-04-28 10:59:21.739 | WARNING  | cpp_client:_receive_loop:120 - C++ backend connection closed: sent 1002 (protocol error) invalid status code; no close frame received
2026-04-28 10:59:21.739 | INFO     | cpp_client:_reconnect:130 - Reconnecting to C++ backend in 3.0s …
2026-04-28 10:59:24.740 | INFO     | cpp_client:_do_connect:94 - Connecting to C++ backend at ws://localhost:9000/
2026-04-28 10:59:26.809 | INFO     | cpp_client:_do_connect:111 - Connected to C++ backend
2026-04-28 10:59:26.809 | INFO     | cpp_client:_reconnect:136 - Reconnected to C++ backend
2026-04-28 10:59:26.809 | WARNING  | cpp_client:_receive_loop:120 - C++ backend connection closed: sent 1002 (protocol error) invalid status code; no close frame received
2026-04-28 10:59:26.809 | INFO     | cpp_client:_reconnect:130 - Reconnecting to C++ backend in 3.0s …
2026-04-28 10:59:29.819 | INFO     | cpp_client:_do_connect:94 - Connecting to C++ backend at ws://localhost:9000/
2026-04-28 10:59:31.862 | INFO     | cpp_client:_do_connect:111 - Connected to C++ backend
2026-04-28 10:59:31.862 | INFO     | cpp_client:_reconnect:136 - Reconnected to C++ backend
2026-04-28 10:59:31.862 | WARNING  | cpp_client:_receive_loop:120 - C++ backend connection closed: sent 1002 (protocol error) invalid status code; no close frame received
2026-04-28 10:59:31.862 | INFO     | cpp_client:_reconnect:130 - Reconnecting to C++ backend in 3.0s …
2026-04-28 10:59:34.876 | INFO     | cpp_client:_do_connect:94 - Connecting to C++ backend at ws://localhost:9000/
2026-04-28 10:59:36.954 | INFO     | cpp_client:_do_connect:111 - Connected to C++ backend
2026-04-28 10:59:36.955 | INFO     | cpp_client:_reconnect:136 - Reconnected to C++ backend
2026-04-28 10:59:36.955 | WARNING  | cpp_client:_receive_loop:120 - C++ backend connection closed: sent 1002 (protocol error) invalid status code; no close frame received
2026-04-28 10:59:36.955 | INFO     | cpp_client:_reconnect:130 - Reconnecting to C++ backend in 3.0s …
2026-04-28 10:59:39.965 | INFO     | cpp_client:_do_connect:94 - Connecting to C++ backend at ws://localhost:9000/
2026-04-28 10:59:42.031 | INFO     | cpp_client:_do_connect:111 - Connected to C++ backend
2026-04-28 10:59:42.031 | INFO     | cpp_client:_reconnect:136 - Reconnected to C++ backend
2026-04-28 10:59:42.031 | WARNING  | cpp_client:_receive_loop:120 - C++ backend connection closed: sent 1002 (protocol error) invalid status code; no close frame received
2026-04-28 10:59:42.031 | INFO     | cpp_client:_reconnect:130 - Reconnecting to C++ backend in 3.0s …
2026-04-28 10:59:45.043 | INFO     | cpp_client:_do_connect:94 - Connecting to C++ backend at ws://localhost:9000/
2026-04-28 10:59:47.110 | INFO     | cpp_client:_do_connect:111 - Connected to C++ backend
2026-04-28 10:59:47.112 | INFO     | cpp_client:_reconnect:136 - Reconnected to C++ backend
2026-04-28 10:59:47.112 | WARNING  | cpp_client:_receive_loop:120 - C++ backend connection closed: sent 1002 (protocol error) invalid status code; no close frame received
2026-04-28 10:59:47.112 | INFO     | cpp_client:_reconnect:130 - Reconnecting to C++ backend in 3.0s …
2026-04-28 10:59:50.123 | INFO     | cpp_client:_do_connect:94 - Connecting to C++ backend at ws://localhost:9000/
2026-04-28 10:59:52.204 | INFO     | cpp_client:_do_connect:111 - Connected to C++ backend
2026-04-28 10:59:52.204 | INFO     | cpp_client:_reconnect:136 - Reconnected to C++ backend
2026-04-28 10:59:52.204 | WARNING  | cpp_client:_receive_loop:120 - C++ backend connection closed: sent 1002 (protocol error) invalid status code; no close frame received
2026-04-28 10:59:52.205 | INFO     | cpp_client:_reconnect:130 - Reconnecting to C++ backend in 3.0s …
2026-04-28 10:59:55.210 | INFO     | cpp_client:_do_connect:94 - Connecting to C++ backend at ws://localhost:9000/
2026-04-28 10:59:57.284 | INFO     | cpp_client:_do_connect:111 - Connected to C++ backend
2026-04-28 10:59:57.286 | INFO     | cpp_client:_reconnect:136 - Reconnected to C++ backend
2026-04-28 10:59:57.286 | WARNING  | cpp_client:_receive_loop:120 - C++ backend connection closed: sent 1002 (protocol error) invalid status code; no close frame received
2026-04-28 10:59:57.286 | INFO     | cpp_client:_reconnect:130 - Reconnecting to C++ backend in 3.0s …
2026-04-28 11:00:00.288 | INFO     | cpp_client:_do_connect:94 - Connecting to C++ backend at ws://localhost:9000/
2026-04-28 11:00:02.350 | INFO     | cpp_client:_do_connect:111 - Connected to C++ backend
2026-04-28 11:00:02.351 | INFO     | cpp_client:_reconnect:136 - Reconnected to C++ backend
2026-04-28 11:00:02.351 | WARNING  | cpp_client:_receive_loop:120 - C++ backend connection closed: sent 1002 (protocol error) invalid status code; no close frame received
2026-04-28 11:00:02.351 | INFO     | cpp_client:_reconnect:130 - Reconnecting to C++ backend in 3.0s …
2026-04-28 11:00:05.360 | INFO     | cpp_client:_do_connect:94 - Connecting to C++ backend at ws://localhost:9000/
2026-04-28 11:00:07.415 | INFO     | cpp_client:_do_connect:111 - Connected to C++ backend
2026-04-28 11:00:07.415 | INFO     | cpp_client:_reconnect:136 - Reconnected to C++ backend
2026-04-28 11:00:07.417 | WARNING  | cpp_client:_receive_loop:120 - C++ backend connection closed: sent 1002 (protocol error) invalid status code; no close frame received
2026-04-28 11:00:07.417 | INFO     | cpp_client:_reconnect:130 - Reconnecting to C++ backend in 3.0s …
2026-04-28 11:00:10.429 | INFO     | cpp_client:_do_connect:94 - Connecting to C++ backend at ws://localhost:9000/
2026-04-28 11:00:12.497 | INFO     | cpp_client:_do_connect:111 - Connected to C++ backend
2026-04-28 11:00:12.497 | INFO     | cpp_client:_reconnect:136 - Reconnected to C++ backend
2026-04-28 11:00:12.498 | WARNING  | cpp_client:_receive_loop:120 - C++ backend connection closed: sent 1002 (protocol error) invalid status code; no close frame received
2026-04-28 11:00:12.498 | INFO     | cpp_client:_reconnect:130 - Reconnecting to C++ backend in 3.0s …
2026-04-28 11:00:15.508 | INFO     | cpp_client:_do_connect:94 - Connecting to C++ backend at ws://localhost:9000/
2026-04-28 11:00:17.569 | INFO     | cpp_client:_do_connect:111 - Connected to C++ backend
2026-04-28 11:00:17.570 | INFO     | cpp_client:_reconnect:136 - Reconnected to C++ backend
2026-04-28 11:00:17.570 | WARNING  | cpp_client:_receive_loop:120 - C++ backend connection closed: sent 1002 (protocol error) invalid status code; no close frame received
2026-04-28 11:00:17.570 | INFO     | cpp_client:_reconnect:130 - Reconnecting to C++ backend in 3.0s …
2026-04-28 11:00:20.574 | INFO     | cpp_client:_do_connect:94 - Connecting to C++ backend at ws://localhost:9000/
2026-04-28 11:00:22.650 | INFO     | cpp_client:_do_connect:111 - Connected to C++ backend
2026-04-28 11:00:22.652 | INFO     | cpp_client:_reconnect:136 - Reconnected to C++ backend
2026-04-28 11:00:22.652 | WARNING  | cpp_client:_receive_loop:120 - C++ backend connection closed: sent 1002 (protocol error) invalid status code; no close frame received
2026-04-28 11:00:22.652 | INFO     | cpp_client:_reconnect:130 - Reconnecting to C++ backend in 3.0s …
2026-04-28 11:00:25.655 | INFO     | cpp_client:_do_connect:94 - Connecting to C++ backend at ws://localhost:9000/
2026-04-28 11:00:27.717 | INFO     | cpp_client:_do_connect:111 - Connected to C++ backend
2026-04-28 11:00:27.717 | INFO     | cpp_client:_reconnect:136 - Reconnected to C++ backend
2026-04-28 11:00:27.719 | WARNING  | cpp_client:_receive_loop:120 - C++ backend connection closed: sent 1002 (protocol error) invalid status code; no close frame received
2026-04-28 11:00:27.719 | INFO     | cpp_client:_reconnect:130 - Reconnecting to C++ backend in 3.0s …
2026-04-28 11:00:30.723 | INFO     | cpp_client:_do_connect:94 - Connecting to C++ backend at ws://localhost:9000/
2026-04-28 11:00:32.787 | INFO     | cpp_client:_do_connect:111 - Connected to C++ backend
2026-04-28 11:00:32.787 | INFO     | cpp_client:_reconnect:136 - Reconnected to C++ backend
2026-04-28 11:00:32.787 | WARNING  | cpp_client:_receive_loop:120 - C++ backend connection closed: sent 1002 (protocol error) invalid status code; no close frame received
2026-04-28 11:00:32.787 | INFO     | cpp_client:_reconnect:130 - Reconnecting to C++ backend in 3.0s …
2026-04-28 11:00:35.789 | INFO     | cpp_client:_do_connect:94 - Connecting to C++ backend at ws://localhost:9000/
2026-04-28 11:00:37.856 | INFO     | cpp_client:_do_connect:111 - Connected to C++ backend
2026-04-28 11:00:37.857 | INFO     | cpp_client:_reconnect:136 - Reconnected to C++ backend
2026-04-28 11:00:37.857 | WARNING  | cpp_client:_receive_loop:120 - C++ backend connection closed: sent 1002 (protocol error) invalid status code; no close frame received
2026-04-28 11:00:37.857 | INFO     | cpp_client:_reconnect:130 - Reconnecting to C++ backend in 3.0s …
2026-04-28 11:00:40.872 | INFO     | cpp_client:_do_connect:94 - Connecting to C++ backend at ws://localhost:9000/
2026-04-28 11:00:42.934 | INFO     | cpp_client:_do_connect:111 - Connected to C++ backend
2026-04-28 11:00:42.934 | INFO     | cpp_client:_reconnect:136 - Reconnected to C++ backend
2026-04-28 11:00:42.934 | WARNING  | cpp_client:_receive_loop:120 - C++ backend connection closed: sent 1002 (protocol error) invalid status code; no close frame received
2026-04-28 11:00:42.934 | INFO     | cpp_client:_reconnect:130 - Reconnecting to C++ backend in 3.0s …
2026-04-28 11:00:45.945 | INFO     | cpp_client:_do_connect:94 - Connecting to C++ backend at ws://localhost:9000/
2026-04-28 11:00:48.026 | INFO     | cpp_client:_do_connect:111 - Connected to C++ backend
2026-04-28 11:00:48.026 | INFO     | cpp_client:_reconnect:136 - Reconnected to C++ backend
2026-04-28 11:00:48.028 | WARNING  | cpp_client:_receive_loop:120 - C++ backend connection closed: sent 1002 (protocol error) invalid status code; no close frame received
2026-04-28 11:00:48.028 | INFO     | cpp_client:_reconnect:130 - Reconnecting to C++ backend in 3.0s …
2026-04-28 11:00:51.028 | INFO     | cpp_client:_do_connect:94 - Connecting to C++ backend at ws://localhost:9000/
2026-04-28 11:00:53.079 | INFO     | cpp_client:_do_connect:111 - Connected to C++ backend
2026-04-28 11:00:53.079 | INFO     | cpp_client:_reconnect:136 - Reconnected to C++ backend
2026-04-28 11:00:53.079 | WARNING  | cpp_client:_receive_loop:120 - C++ backend connection closed: sent 1002 (protocol error) invalid status code; no close frame received
2026-04-28 11:00:53.079 | INFO     | cpp_client:_reconnect:130 - Reconnecting to C++ backend in 3.0s …
2026-04-28 11:00:56.087 | INFO     | cpp_client:_do_connect:94 - Connecting to C++ backend at ws://localhost:9000/
2026-04-28 11:00:58.141 | INFO     | cpp_client:_do_connect:111 - Connected to C++ backend
2026-04-28 11:00:58.141 | INFO     | cpp_client:_reconnect:136 - Reconnected to C++ backend
2026-04-28 11:00:58.141 | WARNING  | cpp_client:_receive_loop:120 - C++ backend connection closed: sent 1002 (protocol error) invalid status code; no close frame received
2026-04-28 11:00:58.141 | INFO     | cpp_client:_reconnect:130 - Reconnecting to C++ backend in 3.0s …
2026-04-28 11:01:01.157 | INFO     | cpp_client:_do_connect:94 - Connecting to C++ backend at ws://localhost:9000/
2026-04-28 11:01:03.206 | INFO     | cpp_client:_do_connect:111 - Connected to C++ backend
2026-04-28 11:01:03.206 | INFO     | cpp_client:_reconnect:136 - Reconnected to C++ backend
2026-04-28 11:01:03.206 | WARNING  | cpp_client:_receive_loop:120 - C++ backend connection closed: sent 1002 (protocol error) invalid status code; no close frame received
2026-04-28 11:01:03.207 | INFO     | cpp_client:_reconnect:130 - Reconnecting to C++ backend in 3.0s …
2026-04-28 11:01:06.210 | INFO     | cpp_client:_do_connect:94 - Connecting to C++ backend at ws://localhost:9000/
2026-04-28 11:01:08.277 | INFO     | cpp_client:_do_connect:111 - Connected to C++ backend
2026-04-28 11:01:08.277 | INFO     | cpp_client:_reconnect:136 - Reconnected to C++ backend
2026-04-28 11:01:08.277 | WARNING  | cpp_client:_receive_loop:120 - C++ backend connection closed: sent 1002 (protocol error) invalid status code; no close frame received
2026-04-28 11:01:08.278 | INFO     | cpp_client:_reconnect:130 - Reconnecting to C++ backend in 3.0s …
2026-04-28 11:01:11.287 | INFO     | cpp_client:_do_connect:94 - Connecting to C++ backend at ws://localhost:9000/
2026-04-28 11:01:13.358 | INFO     | cpp_client:_do_connect:111 - Connected to C++ backend
2026-04-28 11:01:13.360 | INFO     | cpp_client:_reconnect:136 - Reconnected to C++ backend
2026-04-28 11:01:13.360 | WARNING  | cpp_client:_receive_loop:120 - C++ backend connection closed: sent 1002 (protocol error) invalid status code; no close frame received
2026-04-28 11:01:13.360 | INFO     | cpp_client:_reconnect:130 - Reconnecting to C++ backend in 3.0s …
2026-04-28 11:01:16.365 | INFO     | cpp_client:_do_connect:94 - Connecting to C++ backend at ws://localhost:9000/
2026-04-28 11:01:18.434 | INFO     | cpp_client:_do_connect:111 - Connected to C++ backend
2026-04-28 11:01:18.434 | INFO     | cpp_client:_reconnect:136 - Reconnected to C++ backend
2026-04-28 11:01:18.434 | WARNING  | cpp_client:_receive_loop:120 - C++ backend connection closed: sent 1002 (protocol error) invalid status code; no close frame received
2026-04-28 11:01:18.434 | INFO     | cpp_client:_reconnect:130 - Reconnecting to C++ backend in 3.0s …
2026-04-28 11:01:21.442 | INFO     | cpp_client:_do_connect:94 - Connecting to C++ backend at ws://localhost:9000/
2026-04-28 11:01:23.521 | INFO     | cpp_client:_do_connect:111 - Connected to C++ backend
2026-04-28 11:01:23.523 | INFO     | cpp_client:_reconnect:136 - Reconnected to C++ backend
2026-04-28 11:01:23.523 | WARNING  | cpp_client:_receive_loop:120 - C++ backend connection closed: sent 1002 (protocol error) invalid status code; no close frame received
2026-04-28 11:01:23.523 | INFO     | cpp_client:_reconnect:130 - Reconnecting to C++ backend in 3.0s …
2026-04-28 11:01:26.530 | INFO     | cpp_client:_do_connect:94 - Connecting to C++ backend at ws://localhost:9000/
2026-04-28 11:01:28.603 | INFO     | cpp_client:_do_connect:111 - Connected to C++ backend
2026-04-28 11:01:28.603 | INFO     | cpp_client:_reconnect:136 - Reconnected to C++ backend
2026-04-28 11:01:28.603 | WARNING  | cpp_client:_receive_loop:120 - C++ backend connection closed: sent 1002 (protocol error) invalid status code; no close frame received
2026-04-28 11:01:28.604 | INFO     | cpp_client:_reconnect:130 - Reconnecting to C++ backend in 3.0s …
2026-04-28 11:01:31.614 | INFO     | cpp_client:_do_connect:94 - Connecting to C++ backend at ws://localhost:9000/
2026-04-28 11:01:33.675 | INFO     | cpp_client:_do_connect:111 - Connected to C++ backend
2026-04-28 11:01:33.675 | INFO     | cpp_client:_reconnect:136 - Reconnected to C++ backend
2026-04-28 11:01:33.675 | WARNING  | cpp_client:_receive_loop:120 - C++ backend connection closed: sent 1002 (protocol error) invalid status code; no close frame received
2026-04-28 11:01:33.675 | INFO     | cpp_client:_reconnect:130 - Reconnecting to C++ backend in 3.0s …
2026-04-28 11:01:36.687 | INFO     | cpp_client:_do_connect:94 - Connecting to C++ backend at ws://localhost:9000/
2026-04-28 11:01:38.766 | INFO     | cpp_client:_do_connect:111 - Connected to C++ backend
2026-04-28 11:01:38.766 | INFO     | cpp_client:_reconnect:136 - Reconnected to C++ backend
2026-04-28 11:01:38.768 | WARNING  | cpp_client:_receive_loop:120 - C++ backend connection closed: sent 1002 (protocol error) invalid status code; no close frame received
2026-04-28 11:01:38.768 | INFO     | cpp_client:_reconnect:130 - Reconnecting to C++ backend in 3.0s …
2026-04-28 11:01:41.779 | INFO     | cpp_client:_do_connect:94 - Connecting to C++ backend at ws://localhost:9000/
2026-04-28 11:01:43.838 | INFO     | cpp_client:_do_connect:111 - Connected to C++ backend
2026-04-28 11:01:43.838 | INFO     | cpp_client:_reconnect:136 - Reconnected to C++ backend
2026-04-28 11:01:43.838 | WARNING  | cpp_client:_receive_loop:120 - C++ backend connection closed: sent 1002 (protocol error) invalid status code; no close frame received
2026-04-28 11:01:43.838 | INFO     | cpp_client:_reconnect:130 - Reconnecting to C++ backend in 3.0s …
2026-04-28 11:01:46.850 | INFO     | cpp_client:_do_connect:94 - Connecting to C++ backend at ws://localhost:9000/
2026-04-28 11:01:48.904 | INFO     | cpp_client:_do_connect:111 - Connected to C++ backend
2026-04-28 11:01:48.906 | INFO     | cpp_client:_reconnect:136 - Reconnected to C++ backend
2026-04-28 11:01:48.906 | WARNING  | cpp_client:_receive_loop:120 - C++ backend connection closed: sent 1002 (protocol error) invalid status code; no close frame received
2026-04-28 11:01:48.906 | INFO     | cpp_client:_reconnect:130 - Reconnecting to C++ backend in 3.0s …
2026-04-28 11:01:51.906 | INFO     | cpp_client:_do_connect:94 - Connecting to C++ backend at ws://localhost:9000/
2026-04-28 11:01:53.963 | INFO     | cpp_client:_do_connect:111 - Connected to C++ backend
2026-04-28 11:01:53.963 | INFO     | cpp_client:_reconnect:136 - Reconnected to C++ backend
2026-04-28 11:01:53.963 | WARNING  | cpp_client:_receive_loop:120 - C++ backend connection closed: sent 1002 (protocol error) invalid status code; no close frame received
2026-04-28 11:01:53.963 | INFO     | cpp_client:_reconnect:130 - Reconnecting to C++ backend in 3.0s …
2026-04-28 11:01:56.978 | INFO     | cpp_client:_do_connect:94 - Connecting to C++ backend at ws://localhost:9000/
2026-04-28 11:01:59.030 | INFO     | cpp_client:_do_connect:111 - Connected to C++ backend
2026-04-28 11:01:59.030 | INFO     | cpp_client:_reconnect:136 - Reconnected to C++ backend
2026-04-28 11:01:59.030 | WARNING  | cpp_client:_receive_loop:120 - C++ backend connection closed: sent 1002 (protocol error) invalid status code; no close frame received
2026-04-28 11:01:59.030 | INFO     | cpp_client:_reconnect:130 - Reconnecting to C++ backend in 3.0s …
2026-04-28 11:02:02.045 | INFO     | cpp_client:_do_connect:94 - Connecting to C++ backend at ws://localhost:9000/
2026-04-28 11:02:04.099 | INFO     | cpp_client:_do_connect:111 - Connected to C++ backend
2026-04-28 11:02:04.099 | INFO     | cpp_client:_reconnect:136 - Reconnected to C++ backend
2026-04-28 11:02:04.099 | WARNING  | cpp_client:_receive_loop:120 - C++ backend connection closed: sent 1002 (protocol error) invalid status code; no close frame received
2026-04-28 11:02:04.099 | INFO     | cpp_client:_reconnect:130 - Reconnecting to C++ backend in 3.0s …
2026-04-28 11:02:07.101 | INFO     | cpp_client:_do_connect:94 - Connecting to C++ backend at ws://localhost:9000/
2026-04-28 11:02:09.154 | INFO     | cpp_client:_do_connect:111 - Connected to C++ backend
2026-04-28 11:02:09.154 | INFO     | cpp_client:_reconnect:136 - Reconnected to C++ backend
2026-04-28 11:02:09.154 | WARNING  | cpp_client:_receive_loop:120 - C++ backend connection closed: sent 1002 (protocol error) invalid status code; no close frame received
2026-04-28 11:02:09.154 | INFO     | cpp_client:_reconnect:130 - Reconnecting to C++ backend in 3.0s …
2026-04-28 11:02:12.170 | INFO     | cpp_client:_do_connect:94 - Connecting to C++ backend at ws://localhost:9000/
2026-04-28 11:02:14.235 | INFO     | cpp_client:_do_connect:111 - Connected to C++ backend
2026-04-28 11:02:14.237 | INFO     | cpp_client:_reconnect:136 - Reconnected to C++ backend
2026-04-28 11:02:14.237 | WARNING  | cpp_client:_receive_loop:120 - C++ backend connection closed: sent 1002 (protocol error) invalid status code; no close frame received
2026-04-28 11:02:14.237 | INFO     | cpp_client:_reconnect:130 - Reconnecting to C++ backend in 3.0s …
2026-04-28 11:02:17.250 | INFO     | cpp_client:_do_connect:94 - Connecting to C++ backend at ws://localhost:9000/
2026-04-28 11:02:19.295 | INFO     | cpp_client:_do_connect:111 - Connected to C++ backend
2026-04-28 11:02:19.295 | INFO     | cpp_client:_reconnect:136 - Reconnected to C++ backend
2026-04-28 11:02:19.295 | WARNING  | cpp_client:_receive_loop:120 - C++ backend connection closed: sent 1002 (protocol error) invalid status code; no close frame received
2026-04-28 11:02:19.295 | INFO     | cpp_client:_reconnect:130 - Reconnecting to C++ backend in 3.0s …
2026-04-28 11:02:22.297 | INFO     | cpp_client:_do_connect:94 - Connecting to C++ backend at ws://localhost:9000/
2026-04-28 11:02:24.352 | INFO     | cpp_client:_do_connect:111 - Connected to C++ backend
2026-04-28 11:02:24.353 | INFO     | cpp_client:_reconnect:136 - Reconnected to C++ backend
2026-04-28 11:02:24.353 | WARNING  | cpp_client:_receive_loop:120 - C++ backend connection closed: sent 1002 (protocol error) invalid status code; no close frame received
2026-04-28 11:02:24.353 | INFO     | cpp_client:_reconnect:130 - Reconnecting to C++ backend in 3.0s …
2026-04-28 11:02:27.367 | INFO     | cpp_client:_do_connect:94 - Connecting to C++ backend at ws://localhost:9000/
2026-04-28 11:02:29.426 | INFO     | cpp_client:_do_connect:111 - Connected to C++ backend
2026-04-28 11:02:29.426 | INFO     | cpp_client:_reconnect:136 - Reconnected to C++ backend
2026-04-28 11:02:29.427 | WARNING  | cpp_client:_receive_loop:120 - C++ backend connection closed: sent 1002 (protocol error) invalid status code; no close frame received
2026-04-28 11:02:29.427 | INFO     | cpp_client:_reconnect:130 - Reconnecting to C++ backend in 3.0s …
2026-04-28 11:02:32.440 | INFO     | cpp_client:_do_connect:94 - Connecting to C++ backend at ws://localhost:9000/
2026-04-28 11:02:34.480 | INFO     | cpp_client:_do_connect:111 - Connected to C++ backend
2026-04-28 11:02:34.482 | INFO     | cpp_client:_reconnect:136 - Reconnected to C++ backend
2026-04-28 11:02:34.482 | WARNING  | cpp_client:_receive_loop:120 - C++ backend connection closed: sent 1002 (protocol error) invalid status code; no close frame received
2026-04-28 11:02:34.482 | INFO     | cpp_client:_reconnect:130 - Reconnecting to C++ backend in 3.0s …
2026-04-28 11:02:37.483 | INFO     | cpp_client:_do_connect:94 - Connecting to C++ backend at ws://localhost:9000/
2026-04-28 11:02:39.542 | INFO     | cpp_client:_do_connect:111 - Connected to C++ backend
2026-04-28 11:02:39.542 | INFO     | cpp_client:_reconnect:136 - Reconnected to C++ backend
2026-04-28 11:02:39.542 | WARNING  | cpp_client:_receive_loop:120 - C++ backend connection closed: sent 1002 (protocol error) invalid status code; no close frame received
2026-04-28 11:02:39.542 | INFO     | cpp_client:_reconnect:130 - Reconnecting to C++ backend in 3.0s …
2026-04-28 11:02:42.544 | INFO     | cpp_client:_do_connect:94 - Connecting to C++ backend at ws://localhost:9000/
2026-04-28 11:02:44.608 | INFO     | cpp_client:_do_connect:111 - Connected to C++ backend
2026-04-28 11:02:44.608 | INFO     | cpp_client:_reconnect:136 - Reconnected to C++ backend
2026-04-28 11:02:44.608 | WARNING  | cpp_client:_receive_loop:120 - C++ backend connection closed: sent 1002 (protocol error) invalid status code; no close frame received
2026-04-28 11:02:44.610 | INFO     | cpp_client:_reconnect:130 - Reconnecting to C++ backend in 3.0s …
2026-04-28 11:02:47.616 | INFO     | cpp_client:_do_connect:94 - Connecting to C++ backend at ws://localhost:9000/
2026-04-28 11:02:49.668 | INFO     | cpp_client:_do_connect:111 - Connected to C++ backend
2026-04-28 11:02:49.668 | INFO     | cpp_client:_reconnect:136 - Reconnected to C++ backend
2026-04-28 11:02:49.668 | WARNING  | cpp_client:_receive_loop:120 - C++ backend connection closed: sent 1002 (protocol error) invalid status code; no close frame received
2026-04-28 11:02:49.668 | INFO     | cpp_client:_reconnect:130 - Reconnecting to C++ backend in 3.0s …
2026-04-28 11:02:52.684 | INFO     | cpp_client:_do_connect:94 - Connecting to C++ backend at ws://localhost:9000/
2026-04-28 11:02:54.728 | INFO     | cpp_client:_do_connect:111 - Connected to C++ backend
2026-04-28 11:02:54.728 | INFO     | cpp_client:_reconnect:136 - Reconnected to C++ backend
2026-04-28 11:02:54.728 | WARNING  | cpp_client:_receive_loop:120 - C++ backend connection closed: sent 1002 (protocol error) invalid status code; no close frame received
2026-04-28 11:02:54.728 | INFO     | cpp_client:_reconnect:130 - Reconnecting to C++ backend in 3.0s …
2026-04-28 11:02:57.731 | INFO     | cpp_client:_do_connect:94 - Connecting to C++ backend at ws://localhost:9000/
2026-04-28 11:02:59.777 | INFO     | cpp_client:_do_connect:111 - Connected to C++ backend
2026-04-28 11:02:59.777 | INFO     | cpp_client:_reconnect:136 - Reconnected to C++ backend
2026-04-28 11:02:59.777 | WARNING  | cpp_client:_receive_loop:120 - C++ backend connection closed: sent 1002 (protocol error) invalid status code; no close frame received
2026-04-28 11:02:59.777 | INFO     | cpp_client:_reconnect:130 - Reconnecting to C++ backend in 3.0s …
2026-04-28 11:03:02.789 | INFO     | cpp_client:_do_connect:94 - Connecting to C++ backend at ws://localhost:9000/
2026-04-28 11:03:04.846 | INFO     | cpp_client:_do_connect:111 - Connected to C++ backend
2026-04-28 11:03:04.847 | INFO     | cpp_client:_reconnect:136 - Reconnected to C++ backend
2026-04-28 11:03:04.847 | WARNING  | cpp_client:_receive_loop:120 - C++ backend connection closed: sent 1002 (protocol error) invalid status code; no close frame received
2026-04-28 11:03:04.847 | INFO     | cpp_client:_reconnect:130 - Reconnecting to C++ backend in 3.0s …
2026-04-28 11:03:07.860 | INFO     | cpp_client:_do_connect:94 - Connecting to C++ backend at ws://localhost:9000/
2026-04-28 11:03:09.940 | INFO     | cpp_client:_do_connect:111 - Connected to C++ backend
2026-04-28 11:03:09.940 | INFO     | cpp_client:_reconnect:136 - Reconnected to C++ backend
2026-04-28 11:03:09.941 | WARNING  | cpp_client:_receive_loop:120 - C++ backend connection closed: sent 1002 (protocol error) invalid status code; no close frame received
2026-04-28 11:03:09.941 | INFO     | cpp_client:_reconnect:130 - Reconnecting to C++ backend in 3.0s …
2026-04-28 11:03:12.945 | INFO     | cpp_client:_do_connect:94 - Connecting to C++ backend at ws://localhost:9000/
2026-04-28 11:03:15.007 | INFO     | cpp_client:_do_connect:111 - Connected to C++ backend
2026-04-28 11:03:15.007 | INFO     | cpp_client:_reconnect:136 - Reconnected to C++ backend
2026-04-28 11:03:15.007 | WARNING  | cpp_client:_receive_loop:120 - C++ backend connection closed: sent 1002 (protocol error) invalid status code; no close frame received
2026-04-28 11:03:15.007 | INFO     | cpp_client:_reconnect:130 - Reconnecting to C++ backend in 3.0s …
2026-04-28 11:03:18.011 | INFO     | cpp_client:_do_connect:94 - Connecting to C++ backend at ws://localhost:9000/
2026-04-28 11:03:20.065 | INFO     | cpp_client:_do_connect:111 - Connected to C++ backend
2026-04-28 11:03:20.066 | INFO     | cpp_client:_reconnect:136 - Reconnected to C++ backend
2026-04-28 11:03:20.066 | WARNING  | cpp_client:_receive_loop:120 - C++ backend connection closed: sent 1002 (protocol error) invalid status code; no close frame received
2026-04-28 11:03:20.066 | INFO     | cpp_client:_reconnect:130 - Reconnecting to C++ backend in 3.0s …
2026-04-28 11:03:23.077 | INFO     | cpp_client:_do_connect:94 - Connecting to C++ backend at ws://localhost:9000/
2026-04-28 11:03:25.139 | INFO     | cpp_client:_do_connect:111 - Connected to C++ backend
2026-04-28 11:03:25.139 | INFO     | cpp_client:_reconnect:136 - Reconnected to C++ backend
2026-04-28 11:03:25.139 | WARNING  | cpp_client:_receive_loop:120 - C++ backend connection closed: sent 1002 (protocol error) invalid status code; no close frame received
2026-04-28 11:03:25.139 | INFO     | cpp_client:_reconnect:130 - Reconnecting to C++ backend in 3.0s …
2026-04-28 11:03:28.142 | INFO     | cpp_client:_do_connect:94 - Connecting to C++ backend at ws://localhost:9000/
2026-04-28 11:03:30.191 | INFO     | cpp_client:_do_connect:111 - Connected to C++ backend
2026-04-28 11:03:30.193 | INFO     | cpp_client:_reconnect:136 - Reconnected to C++ backend
2026-04-28 11:03:30.193 | WARNING  | cpp_client:_receive_loop:120 - C++ backend connection closed: sent 1002 (protocol error) invalid status code; no close frame received
2026-04-28 11:03:30.193 | INFO     | cpp_client:_reconnect:130 - Reconnecting to C++ backend in 3.0s …
2026-04-28 11:03:33.204 | INFO     | cpp_client:_do_connect:94 - Connecting to C++ backend at ws://localhost:9000/
2026-04-28 11:03:35.265 | INFO     | cpp_client:_do_connect:111 - Connected to C++ backend
2026-04-28 11:03:35.265 | INFO     | cpp_client:_reconnect:136 - Reconnected to C++ backend
2026-04-28 11:03:35.265 | WARNING  | cpp_client:_receive_loop:120 - C++ backend connection closed: sent 1002 (protocol error) invalid status code; no close frame received
2026-04-28 11:03:35.266 | INFO     | cpp_client:_reconnect:130 - Reconnecting to C++ backend in 3.0s …
2026-04-28 11:03:38.268 | INFO     | cpp_client:_do_connect:94 - Connecting to C++ backend at ws://localhost:9000/
2026-04-28 11:03:40.321 | INFO     | cpp_client:_do_connect:111 - Connected to C++ backend
2026-04-28 11:03:40.321 | INFO     | cpp_client:_reconnect:136 - Reconnected to C++ backend
2026-04-28 11:03:40.323 | WARNING  | cpp_client:_receive_loop:120 - C++ backend connection closed: sent 1002 (protocol error) invalid status code; no close frame received
2026-04-28 11:03:40.323 | INFO     | cpp_client:_reconnect:130 - Reconnecting to C++ backend in 3.0s …
2026-04-28 11:03:43.333 | INFO     | cpp_client:_do_connect:94 - Connecting to C++ backend at ws://localhost:9000/
2026-04-28 11:03:45.387 | INFO     | cpp_client:_do_connect:111 - Connected to C++ backend
2026-04-28 11:03:45.389 | INFO     | cpp_client:_reconnect:136 - Reconnected to C++ backend
2026-04-28 11:03:45.389 | WARNING  | cpp_client:_receive_loop:120 - C++ backend connection closed: sent 1002 (protocol error) invalid status code; no close frame received
2026-04-28 11:03:45.389 | INFO     | cpp_client:_reconnect:130 - Reconnecting to C++ backend in 3.0s …
2026-04-28 11:03:48.400 | INFO     | cpp_client:_do_connect:94 - Connecting to C++ backend at ws://localhost:9000/
2026-04-28 11:03:50.467 | INFO     | cpp_client:_do_connect:111 - Connected to C++ backend
2026-04-28 11:03:50.467 | INFO     | cpp_client:_reconnect:136 - Reconnected to C++ backend
2026-04-28 11:03:50.469 | WARNING  | cpp_client:_receive_loop:120 - C++ backend connection closed: sent 1002 (protocol error) invalid status code; no close frame received
2026-04-28 11:03:50.469 | INFO     | cpp_client:_reconnect:130 - Reconnecting to C++ backend in 3.0s …
2026-04-28 11:03:53.480 | INFO     | cpp_client:_do_connect:94 - Connecting to C++ backend at ws://localhost:9000/
2026-04-28 11:03:55.549 | INFO     | cpp_client:_do_connect:111 - Connected to C++ backend
2026-04-28 11:03:55.549 | INFO     | cpp_client:_reconnect:136 - Reconnected to C++ backend
2026-04-28 11:03:55.550 | WARNING  | cpp_client:_receive_loop:120 - C++ backend connection closed: sent 1002 (protocol error) invalid status code; no close frame received
2026-04-28 11:03:55.550 | INFO     | cpp_client:_reconnect:130 - Reconnecting to C++ backend in 3.0s …
2026-04-28 11:03:58.564 | INFO     | cpp_client:_do_connect:94 - Connecting to C++ backend at ws://localhost:9000/
2026-04-28 11:04:00.616 | INFO     | cpp_client:_do_connect:111 - Connected to C++ backend
2026-04-28 11:04:00.616 | INFO     | cpp_client:_reconnect:136 - Reconnected to C++ backend
2026-04-28 11:04:00.616 | WARNING  | cpp_client:_receive_loop:120 - C++ backend connection closed: sent 1002 (protocol error) invalid status code; no close frame received
2026-04-28 11:04:00.616 | INFO     | cpp_client:_reconnect:130 - Reconnecting to C++ backend in 3.0s …
2026-04-28 11:04:03.625 | INFO     | cpp_client:_do_connect:94 - Connecting to C++ backend at ws://localhost:9000/
2026-04-28 11:04:05.697 | INFO     | cpp_client:_do_connect:111 - Connected to C++ backend
2026-04-28 11:04:05.697 | INFO     | cpp_client:_reconnect:136 - Reconnected to C++ backend
2026-04-28 11:04:05.697 | WARNING  | cpp_client:_receive_loop:120 - C++ backend connection closed: sent 1002 (protocol error) invalid status code; no close frame received
2026-04-28 11:04:05.697 | INFO     | cpp_client:_reconnect:130 - Reconnecting to C++ backend in 3.0s …
2026-04-28 11:04:08.711 | INFO     | cpp_client:_do_connect:94 - Connecting to C++ backend at ws://localhost:9000/
2026-04-28 11:04:10.762 | INFO     | cpp_client:_do_connect:111 - Connected to C++ backend
2026-04-28 11:04:10.762 | INFO     | cpp_client:_reconnect:136 - Reconnected to C++ backend
2026-04-28 11:04:10.762 | WARNING  | cpp_client:_receive_loop:120 - C++ backend connection closed: sent 1002 (protocol error) invalid status code; no close frame received
2026-04-28 11:04:10.762 | INFO     | cpp_client:_reconnect:130 - Reconnecting to C++ backend in 3.0s …
2026-04-28 11:04:13.770 | INFO     | cpp_client:_do_connect:94 - Connecting to C++ backend at ws://localhost:9000/
2026-04-28 11:04:15.822 | INFO     | cpp_client:_do_connect:111 - Connected to C++ backend
2026-04-28 11:04:15.822 | INFO     | cpp_client:_reconnect:136 - Reconnected to C++ backend
2026-04-28 11:04:15.822 | WARNING  | cpp_client:_receive_loop:120 - C++ backend connection closed: sent 1002 (protocol error) invalid status code; no close frame received
2026-04-28 11:04:15.822 | INFO     | cpp_client:_reconnect:130 - Reconnecting to C++ backend in 3.0s …
2026-04-28 11:04:18.825 | INFO     | cpp_client:_do_connect:94 - Connecting to C++ backend at ws://localhost:9000/
2026-04-28 11:04:20.881 | INFO     | cpp_client:_do_connect:111 - Connected to C++ backend
2026-04-28 11:04:20.881 | INFO     | cpp_client:_reconnect:136 - Reconnected to C++ backend
2026-04-28 11:04:20.881 | WARNING  | cpp_client:_receive_loop:120 - C++ backend connection closed: sent 1002 (protocol error) invalid status code; no close frame received
2026-04-28 11:04:20.882 | INFO     | cpp_client:_reconnect:130 - Reconnecting to C++ backend in 3.0s …
2026-04-28 11:04:23.892 | INFO     | cpp_client:_do_connect:94 - Connecting to C++ backend at ws://localhost:9000/
2026-04-28 11:04:25.933 | INFO     | cpp_client:_do_connect:111 - Connected to C++ backend
2026-04-28 11:04:25.933 | INFO     | cpp_client:_reconnect:136 - Reconnected to C++ backend
2026-04-28 11:04:25.933 | WARNING  | cpp_client:_receive_loop:120 - C++ backend connection closed: sent 1002 (protocol error) invalid status code; no close frame received
2026-04-28 11:04:25.933 | INFO     | cpp_client:_reconnect:130 - Reconnecting to C++ backend in 3.0s …
2026-04-28 11:04:28.946 | INFO     | cpp_client:_do_connect:94 - Connecting to C++ backend at ws://localhost:9000/
2026-04-28 11:04:31.003 | INFO     | cpp_client:_do_connect:111 - Connected to C++ backend
2026-04-28 11:04:31.003 | INFO     | cpp_client:_reconnect:136 - Reconnected to C++ backend
2026-04-28 11:04:31.005 | WARNING  | cpp_client:_receive_loop:120 - C++ backend connection closed: sent 1002 (protocol error) invalid status code; no close frame received
2026-04-28 11:04:31.005 | INFO     | cpp_client:_reconnect:130 - Reconnecting to C++ backend in 3.0s …
2026-04-28 11:04:34.015 | INFO     | cpp_client:_do_connect:94 - Connecting to C++ backend at ws://localhost:9000/
2026-04-28 11:04:36.074 | INFO     | cpp_client:_do_connect:111 - Connected to C++ backend
2026-04-28 11:04:36.074 | INFO     | cpp_client:_reconnect:136 - Reconnected to C++ backend
2026-04-28 11:04:36.074 | WARNING  | cpp_client:_receive_loop:120 - C++ backend connection closed: sent 1002 (protocol error) invalid status code; no close frame received
2026-04-28 11:04:36.074 | INFO     | cpp_client:_reconnect:130 - Reconnecting to C++ backend in 3.0s …
2026-04-28 11:04:39.090 | INFO     | cpp_client:_do_connect:94 - Connecting to C++ backend at ws://localhost:9000/
2026-04-28 11:04:41.143 | INFO     | cpp_client:_do_connect:111 - Connected to C++ backend
2026-04-28 11:04:41.143 | INFO     | cpp_client:_reconnect:136 - Reconnected to C++ backend
2026-04-28 11:04:41.143 | WARNING  | cpp_client:_receive_loop:120 - C++ backend connection closed: sent 1002 (protocol error) invalid status code; no close frame received
2026-04-28 11:04:41.143 | INFO     | cpp_client:_reconnect:130 - Reconnecting to C++ backend in 3.0s …
2026-04-28 11:04:44.152 | INFO     | cpp_client:_do_connect:94 - Connecting to C++ backend at ws://localhost:9000/
2026-04-28 11:04:46.206 | INFO     | cpp_client:_do_connect:111 - Connected to C++ backend
2026-04-28 11:04:46.206 | INFO     | cpp_client:_reconnect:136 - Reconnected to C++ backend
2026-04-28 11:04:46.206 | WARNING  | cpp_client:_receive_loop:120 - C++ backend connection closed: sent 1002 (protocol error) invalid status code; no close frame received
2026-04-28 11:04:46.206 | INFO     | cpp_client:_reconnect:130 - Reconnecting to C++ backend in 3.0s …
2026-04-28 11:04:49.212 | INFO     | cpp_client:_do_connect:94 - Connecting to C++ backend at ws://localhost:9000/
2026-04-28 11:04:51.253 | INFO     | cpp_client:_do_connect:111 - Connected to C++ backend
2026-04-28 11:04:51.253 | INFO     | cpp_client:_reconnect:136 - Reconnected to C++ backend
2026-04-28 11:04:51.253 | WARNING  | cpp_client:_receive_loop:120 - C++ backend connection closed: sent 1002 (protocol error) invalid status code; no close frame received
2026-04-28 11:04:51.253 | INFO     | cpp_client:_reconnect:130 - Reconnecting to C++ backend in 3.0s …
2026-04-28 11:04:54.258 | INFO     | cpp_client:_do_connect:94 - Connecting to C++ backend at ws://localhost:9000/
2026-04-28 11:04:56.295 | INFO     | cpp_client:_do_connect:111 - Connected to C++ backend
2026-04-28 11:04:56.296 | INFO     | cpp_client:_reconnect:136 - Reconnected to C++ backend
2026-04-28 11:04:56.296 | WARNING  | cpp_client:_receive_loop:120 - C++ backend connection closed: sent 1002 (protocol error) invalid status code; no close frame received
2026-04-28 11:04:56.296 | INFO     | cpp_client:_reconnect:130 - Reconnecting to C++ backend in 3.0s …
2026-04-28 11:04:59.310 | INFO     | cpp_client:_do_connect:94 - Connecting to C++ backend at ws://localhost:9000/
2026-04-28 11:05:01.355 | INFO     | cpp_client:_do_connect:111 - Connected to C++ backend
2026-04-28 11:05:01.355 | INFO     | cpp_client:_reconnect:136 - Reconnected to C++ backend
2026-04-28 11:05:01.355 | WARNING  | cpp_client:_receive_loop:120 - C++ backend connection closed: sent 1002 (protocol error) invalid status code; no close frame received
2026-04-28 11:05:01.355 | INFO     | cpp_client:_reconnect:130 - Reconnecting to C++ backend in 3.0s …
2026-04-28 11:05:04.364 | INFO     | cpp_client:_do_connect:94 - Connecting to C++ backend at ws://localhost:9000/
2026-04-28 11:05:06.408 | INFO     | cpp_client:_do_connect:111 - Connected to C++ backend
2026-04-28 11:05:06.408 | INFO     | cpp_client:_reconnect:136 - Reconnected to C++ backend
2026-04-28 11:05:06.408 | WARNING  | cpp_client:_receive_loop:120 - C++ backend connection closed: sent 1002 (protocol error) invalid status code; no close frame received
2026-04-28 11:05:06.409 | INFO     | cpp_client:_reconnect:130 - Reconnecting to C++ backend in 3.0s …
2026-04-28 11:05:09.406 | INFO     | cpp_client:_do_connect:94 - Connecting to C++ backend at ws://localhost:9000/
2026-04-28 11:05:11.467 | INFO     | cpp_client:_do_connect:111 - Connected to C++ backend
2026-04-28 11:05:11.467 | INFO     | cpp_client:_reconnect:136 - Reconnected to C++ backend
2026-04-28 11:05:11.467 | WARNING  | cpp_client:_receive_loop:120 - C++ backend connection closed: sent 1002 (protocol error) invalid status code; no close frame received
2026-04-28 11:05:11.467 | INFO     | cpp_client:_reconnect:130 - Reconnecting to C++ backend in 3.0s …
2026-04-28 11:05:14.470 | INFO     | cpp_client:_do_connect:94 - Connecting to C++ backend at ws://localhost:9000/
2026-04-28 11:05:16.539 | INFO     | cpp_client:_do_connect:111 - Connected to C++ backend
2026-04-28 11:05:16.539 | INFO     | cpp_client:_reconnect:136 - Reconnected to C++ backend
2026-04-28 11:05:16.539 | WARNING  | cpp_client:_receive_loop:120 - C++ backend connection closed: sent 1002 (protocol error) invalid status code; no close frame received
2026-04-28 11:05:16.539 | INFO     | cpp_client:_reconnect:130 - Reconnecting to C++ backend in 3.0s …
2026-04-28 11:05:19.553 | INFO     | cpp_client:_do_connect:94 - Connecting to C++ backend at ws://localhost:9000/
2026-04-28 11:05:21.628 | INFO     | cpp_client:_do_connect:111 - Connected to C++ backend
2026-04-28 11:05:21.628 | INFO     | cpp_client:_reconnect:136 - Reconnected to C++ backend
2026-04-28 11:05:21.628 | WARNING  | cpp_client:_receive_loop:120 - C++ backend connection closed: sent 1002 (protocol error) invalid status code; no close frame received
2026-04-28 11:05:21.628 | INFO     | cpp_client:_reconnect:130 - Reconnecting to C++ backend in 3.0s …
2026-04-28 11:05:24.639 | INFO     | cpp_client:_do_connect:94 - Connecting to C++ backend at ws://localhost:9000/
2026-04-28 11:05:26.707 | INFO     | cpp_client:_do_connect:111 - Connected to C++ backend
2026-04-28 11:05:26.707 | INFO     | cpp_client:_reconnect:136 - Reconnected to C++ backend
2026-04-28 11:05:26.707 | WARNING  | cpp_client:_receive_loop:120 - C++ backend connection closed: sent 1002 (protocol error) invalid status code; no close frame received
2026-04-28 11:05:26.707 | INFO     | cpp_client:_reconnect:130 - Reconnecting to C++ backend in 3.0s …
2026-04-28 11:05:29.710 | INFO     | cpp_client:_do_connect:94 - Connecting to C++ backend at ws://localhost:9000/
2026-04-28 11:05:39.718 | WARNING  | cpp_client:_reconnect:139 - Reconnect attempt failed: Could not connect to C++ backend at ws://localhost:9000/: timed out during opening handshake
2026-04-28 11:05:39.718 | INFO     | cpp_client:_reconnect:130 - Reconnecting to C++ backend in 3.0s …
2026-04-28 11:05:42.729 | INFO     | cpp_client:_do_connect:94 - Connecting to C++ backend at ws://localhost:9000/
2026-04-28 11:05:44.766 | INFO     | cpp_client:_do_connect:111 - Connected to C++ backend
2026-04-28 11:05:44.766 | INFO     | cpp_client:_reconnect:136 - Reconnected to C++ backend
2026-04-28 11:05:44.766 | WARNING  | cpp_client:_receive_loop:120 - C++ backend connection closed: sent 1002 (protocol error) invalid status code; no close frame received
2026-04-28 11:05:44.766 | INFO     | cpp_client:_reconnect:130 - Reconnecting to C++ backend in 3.0s …
2026-04-28 11:05:47.770 | INFO     | cpp_client:_do_connect:94 - Connecting to C++ backend at ws://localhost:9000/
2026-04-28 11:05:49.850 | INFO     | cpp_client:_do_connect:111 - Connected to C++ backend
2026-04-28 11:05:49.850 | INFO     | cpp_client:_reconnect:136 - Reconnected to C++ backend
2026-04-28 11:05:49.850 | WARNING  | cpp_client:_receive_loop:120 - C++ backend connection closed: sent 1002 (protocol error) invalid status code; no close frame received
2026-04-28 11:05:49.850 | INFO     | cpp_client:_reconnect:130 - Reconnecting to C++ backend in 3.0s …
2026-04-28 11:05:52.854 | INFO     | cpp_client:_do_connect:94 - Connecting to C++ backend at ws://localhost:9000/
2026-04-28 11:05:54.918 | INFO     | cpp_client:_do_connect:111 - Connected to C++ backend
2026-04-28 11:05:54.918 | INFO     | cpp_client:_reconnect:136 - Reconnected to C++ backend
2026-04-28 11:05:54.919 | WARNING  | cpp_client:_receive_loop:120 - C++ backend connection closed: sent 1002 (protocol error) invalid status code; no close frame received
2026-04-28 11:05:54.919 | INFO     | cpp_client:_reconnect:130 - Reconnecting to C++ backend in 3.0s …
2026-04-28 11:05:57.925 | INFO     | cpp_client:_do_connect:94 - Connecting to C++ backend at ws://localhost:9000/
2026-04-28 11:06:00.942 | INFO     | cpp_client:_do_connect:111 - Connected to C++ backend
2026-04-28 11:06:00.942 | INFO     | cpp_client:_reconnect:136 - Reconnected to C++ backend
2026-04-28 11:06:00.944 | WARNING  | cpp_client:_receive_loop:120 - C++ backend connection closed: sent 1002 (protocol error) invalid status code; no close frame received
2026-04-28 11:06:00.944 | INFO     | cpp_client:_reconnect:130 - Reconnecting to C++ backend in 3.0s …
2026-04-28 11:06:03.949 | INFO     | cpp_client:_do_connect:94 - Connecting to C++ backend at ws://localhost:9000/
2026-04-28 11:06:06.020 | INFO     | cpp_client:_do_connect:111 - Connected to C++ backend
2026-04-28 11:06:06.020 | INFO     | cpp_client:_reconnect:136 - Reconnected to C++ backend
2026-04-28 11:06:06.020 | WARNING  | cpp_client:_receive_loop:120 - C++ backend connection closed: sent 1002 (protocol error) invalid status code; no close frame received
2026-04-28 11:06:06.020 | INFO     | cpp_client:_reconnect:130 - Reconnecting to C++ backend in 3.0s …
2026-04-28 11:06:09.033 | INFO     | cpp_client:_do_connect:94 - Connecting to C++ backend at ws://localhost:9000/
2026-04-28 11:06:11.096 | INFO     | cpp_client:_do_connect:111 - Connected to C++ backend
2026-04-28 11:06:11.098 | INFO     | cpp_client:_reconnect:136 - Reconnected to C++ backend
2026-04-28 11:06:11.098 | WARNING  | cpp_client:_receive_loop:120 - C++ backend connection closed: sent 1002 (protocol error) invalid status code; no close frame received
2026-04-28 11:06:11.098 | INFO     | cpp_client:_reconnect:130 - Reconnecting to C++ backend in 3.0s …
2026-04-28 11:06:14.100 | INFO     | cpp_client:_do_connect:94 - Connecting to C++ backend at ws://localhost:9000/
2026-04-28 11:06:16.155 | INFO     | cpp_client:_do_connect:111 - Connected to C++ backend
2026-04-28 11:06:16.155 | INFO     | cpp_client:_reconnect:136 - Reconnected to C++ backend
2026-04-28 11:06:16.155 | WARNING  | cpp_client:_receive_loop:120 - C++ backend connection closed: sent 1002 (protocol error) invalid status code; no close frame received
2026-04-28 11:06:16.155 | INFO     | cpp_client:_reconnect:130 - Reconnecting to C++ backend in 3.0s …
2026-04-28 11:06:19.167 | INFO     | cpp_client:_do_connect:94 - Connecting to C++ backend at ws://localhost:9000/
2026-04-28 11:06:21.222 | INFO     | cpp_client:_do_connect:111 - Connected to C++ backend
2026-04-28 11:06:21.222 | INFO     | cpp_client:_reconnect:136 - Reconnected to C++ backend
2026-04-28 11:06:21.224 | WARNING  | cpp_client:_receive_loop:120 - C++ backend connection closed: sent 1002 (protocol error) invalid status code; no close frame received
2026-04-28 11:06:21.224 | INFO     | cpp_client:_reconnect:130 - Reconnecting to C++ backend in 3.0s …
2026-04-28 11:06:24.225 | INFO     | cpp_client:_do_connect:94 - Connecting to C++ backend at ws://localhost:9000/
2026-04-28 11:06:26.295 | INFO     | cpp_client:_do_connect:111 - Connected to C++ backend
2026-04-28 11:06:26.295 | INFO     | cpp_client:_reconnect:136 - Reconnected to C++ backend
2026-04-28 11:06:26.295 | WARNING  | cpp_client:_receive_loop:120 - C++ backend connection closed: sent 1002 (protocol error) invalid status code; no close frame received
2026-04-28 11:06:26.295 | INFO     | cpp_client:_reconnect:130 - Reconnecting to C++ backend in 3.0s …
2026-04-28 11:06:29.296 | INFO     | cpp_client:_do_connect:94 - Connecting to C++ backend at ws://localhost:9000/
2026-04-28 11:06:31.365 | INFO     | cpp_client:_do_connect:111 - Connected to C++ backend
2026-04-28 11:06:31.365 | INFO     | cpp_client:_reconnect:136 - Reconnected to C++ backend
2026-04-28 11:06:31.365 | WARNING  | cpp_client:_receive_loop:120 - C++ backend connection closed: sent 1002 (protocol error) invalid status code; no close frame received
2026-04-28 11:06:31.365 | INFO     | cpp_client:_reconnect:130 - Reconnecting to C++ backend in 3.0s …
2026-04-28 11:06:34.369 | INFO     | cpp_client:_do_connect:94 - Connecting to C++ backend at ws://localhost:9000/
2026-04-28 11:06:36.427 | INFO     | cpp_client:_do_connect:111 - Connected to C++ backend
2026-04-28 11:06:36.427 | INFO     | cpp_client:_reconnect:136 - Reconnected to C++ backend
2026-04-28 11:06:36.427 | WARNING  | cpp_client:_receive_loop:120 - C++ backend connection closed: sent 1002 (protocol error) invalid status code; no close frame received
2026-04-28 11:06:36.427 | INFO     | cpp_client:_reconnect:130 - Reconnecting to C++ backend in 3.0s …
2026-04-28 11:06:39.428 | INFO     | cpp_client:_do_connect:94 - Connecting to C++ backend at ws://localhost:9000/
2026-04-28 11:06:41.462 | INFO     | cpp_client:_do_connect:111 - Connected to C++ backend
2026-04-28 11:06:41.464 | INFO     | cpp_client:_reconnect:136 - Reconnected to C++ backend
2026-04-28 11:06:41.464 | WARNING  | cpp_client:_receive_loop:120 - C++ backend connection closed: sent 1002 (protocol error) invalid status code; no close frame received
2026-04-28 11:06:41.464 | INFO     | cpp_client:_reconnect:130 - Reconnecting to C++ backend in 3.0s …
2026-04-28 11:06:44.466 | INFO     | cpp_client:_do_connect:94 - Connecting to C++ backend at ws://localhost:9000/
2026-04-28 11:06:46.523 | INFO     | cpp_client:_do_connect:111 - Connected to C++ backend
2026-04-28 11:06:46.523 | INFO     | cpp_client:_reconnect:136 - Reconnected to C++ backend
2026-04-28 11:06:46.523 | WARNING  | cpp_client:_receive_loop:120 - C++ backend connection closed: sent 1002 (protocol error) invalid status code; no close frame received
2026-04-28 11:06:46.523 | INFO     | cpp_client:_reconnect:130 - Reconnecting to C++ backend in 3.0s …
2026-04-28 11:06:49.538 | INFO     | cpp_client:_do_connect:94 - Connecting to C++ backend at ws://localhost:9000/
2026-04-28 11:06:51.587 | INFO     | cpp_client:_do_connect:111 - Connected to C++ backend
2026-04-28 11:06:51.587 | INFO     | cpp_client:_reconnect:136 - Reconnected to C++ backend
2026-04-28 11:06:51.589 | WARNING  | cpp_client:_receive_loop:120 - C++ backend connection closed: sent 1002 (protocol error) invalid status code; no close frame received
2026-04-28 11:06:51.589 | INFO     | cpp_client:_reconnect:130 - Reconnecting to C++ backend in 3.0s …
2026-04-28 11:06:54.593 | INFO     | cpp_client:_do_connect:94 - Connecting to C++ backend at ws://localhost:9000/
2026-04-28 11:06:56.661 | INFO     | cpp_client:_do_connect:111 - Connected to C++ backend
2026-04-28 11:06:56.661 | INFO     | cpp_client:_reconnect:136 - Reconnected to C++ backend
2026-04-28 11:06:56.661 | WARNING  | cpp_client:_receive_loop:120 - C++ backend connection closed: sent 1002 (protocol error) invalid status code; no close frame received
2026-04-28 11:06:56.662 | INFO     | cpp_client:_reconnect:130 - Reconnecting to C++ backend in 3.0s …
2026-04-28 11:06:59.671 | INFO     | cpp_client:_do_connect:94 - Connecting to C++ backend at ws://localhost:9000/
2026-04-28 11:07:01.739 | INFO     | cpp_client:_do_connect:111 - Connected to C++ backend
2026-04-28 11:07:01.739 | INFO     | cpp_client:_reconnect:136 - Reconnected to C++ backend
2026-04-28 11:07:01.740 | WARNING  | cpp_client:_receive_loop:120 - C++ backend connection closed: sent 1002 (protocol error) invalid status code; no close frame received
2026-04-28 11:07:01.740 | INFO     | cpp_client:_reconnect:130 - Reconnecting to C++ backend in 3.0s …
2026-04-28 11:07:04.745 | INFO     | cpp_client:_do_connect:94 - Connecting to C++ backend at ws://localhost:9000/
2026-04-28 11:07:06.801 | INFO     | cpp_client:_do_connect:111 - Connected to C++ backend
2026-04-28 11:07:06.801 | INFO     | cpp_client:_reconnect:136 - Reconnected to C++ backend
2026-04-28 11:07:06.801 | WARNING  | cpp_client:_receive_loop:120 - C++ backend connection closed: sent 1002 (protocol error) invalid status code; no close frame received
2026-04-28 11:07:06.801 | INFO     | cpp_client:_reconnect:130 - Reconnecting to C++ backend in 3.0s …
2026-04-28 11:07:09.805 | INFO     | cpp_client:_do_connect:94 - Connecting to C++ backend at ws://localhost:9000/
2026-04-28 11:07:11.849 | INFO     | cpp_client:_do_connect:111 - Connected to C++ backend
2026-04-28 11:07:11.850 | INFO     | cpp_client:_reconnect:136 - Reconnected to C++ backend
2026-04-28 11:07:11.850 | WARNING  | cpp_client:_receive_loop:120 - C++ backend connection closed: sent 1002 (protocol error) invalid status code; no close frame received
2026-04-28 11:07:11.852 | INFO     | cpp_client:_reconnect:130 - Reconnecting to C++ backend in 3.0s …
2026-04-28 11:07:14.867 | INFO     | cpp_client:_do_connect:94 - Connecting to C++ backend at ws://localhost:9000/
2026-04-28 11:07:16.908 | INFO     | cpp_client:_do_connect:111 - Connected to C++ backend
2026-04-28 11:07:16.908 | INFO     | cpp_client:_reconnect:136 - Reconnected to C++ backend
2026-04-28 11:07:16.909 | WARNING  | cpp_client:_receive_loop:120 - C++ backend connection closed: sent 1002 (protocol error) invalid status code; no close frame received
2026-04-28 11:07:16.909 | INFO     | cpp_client:_reconnect:130 - Reconnecting to C++ backend in 3.0s …
2026-04-28 11:07:19.918 | INFO     | cpp_client:_do_connect:94 - Connecting to C++ backend at ws://localhost:9000/
2026-04-28 11:07:21.981 | INFO     | cpp_client:_do_connect:111 - Connected to C++ backend
2026-04-28 11:07:21.982 | INFO     | cpp_client:_reconnect:136 - Reconnected to C++ backend
2026-04-28 11:07:21.982 | WARNING  | cpp_client:_receive_loop:120 - C++ backend connection closed: sent 1002 (protocol error) invalid status code; no close frame received
2026-04-28 11:07:21.982 | INFO     | cpp_client:_reconnect:130 - Reconnecting to C++ backend in 3.0s …
2026-04-28 11:07:24.996 | INFO     | cpp_client:_do_connect:94 - Connecting to C++ backend at ws://localhost:9000/
2026-04-28 11:07:27.052 | INFO     | cpp_client:_do_connect:111 - Connected to C++ backend
2026-04-28 11:07:27.053 | INFO     | cpp_client:_reconnect:136 - Reconnected to C++ backend
2026-04-28 11:07:27.053 | WARNING  | cpp_client:_receive_loop:120 - C++ backend connection closed: sent 1002 (protocol error) invalid status code; no close frame received
2026-04-28 11:07:27.053 | INFO     | cpp_client:_reconnect:130 - Reconnecting to C++ backend in 3.0s …
2026-04-28 11:07:30.063 | INFO     | cpp_client:_do_connect:94 - Connecting to C++ backend at ws://localhost:9000/
2026-04-28 11:07:32.112 | INFO     | cpp_client:_do_connect:111 - Connected to C++ backend
2026-04-28 11:07:32.112 | INFO     | cpp_client:_reconnect:136 - Reconnected to C++ backend
2026-04-28 11:07:32.113 | WARNING  | cpp_client:_receive_loop:120 - C++ backend connection closed: sent 1002 (protocol error) invalid status code; no close frame received
2026-04-28 11:07:32.113 | INFO     | cpp_client:_reconnect:130 - Reconnecting to C++ backend in 3.0s …
2026-04-28 11:07:35.125 | INFO     | cpp_client:_do_connect:94 - Connecting to C++ backend at ws://localhost:9000/
2026-04-28 11:07:37.165 | INFO     | cpp_client:_do_connect:111 - Connected to C++ backend
2026-04-28 11:07:37.165 | INFO     | cpp_client:_reconnect:136 - Reconnected to C++ backend
2026-04-28 11:07:37.165 | WARNING  | cpp_client:_receive_loop:120 - C++ backend connection closed: sent 1002 (protocol error) invalid status code; no close frame received
2026-04-28 11:07:37.165 | INFO     | cpp_client:_reconnect:130 - Reconnecting to C++ backend in 3.0s …
2026-04-28 11:07:40.175 | INFO     | cpp_client:_do_connect:94 - Connecting to C++ backend at ws://localhost:9000/
2026-04-28 11:07:42.243 | INFO     | cpp_client:_do_connect:111 - Connected to C++ backend
2026-04-28 11:07:42.243 | INFO     | cpp_client:_reconnect:136 - Reconnected to C++ backend
2026-04-28 11:07:42.243 | WARNING  | cpp_client:_receive_loop:120 - C++ backend connection closed: sent 1002 (protocol error) invalid status code; no close frame received
2026-04-28 11:07:42.243 | INFO     | cpp_client:_reconnect:130 - Reconnecting to C++ backend in 3.0s …
2026-04-28 11:07:45.251 | INFO     | cpp_client:_do_connect:94 - Connecting to C++ backend at ws://localhost:9000/
2026-04-28 11:07:47.333 | INFO     | cpp_client:_do_connect:111 - Connected to C++ backend
2026-04-28 11:07:47.333 | INFO     | cpp_client:_reconnect:136 - Reconnected to C++ backend
2026-04-28 11:07:47.333 | WARNING  | cpp_client:_receive_loop:120 - C++ backend connection closed: sent 1002 (protocol error) invalid status code; no close frame received
2026-04-28 11:07:47.334 | INFO     | cpp_client:_reconnect:130 - Reconnecting to C++ backend in 3.0s …
2026-04-28 11:07:50.345 | INFO     | cpp_client:_do_connect:94 - Connecting to C++ backend at ws://localhost:9000/
2026-04-28 11:07:52.400 | INFO     | cpp_client:_do_connect:111 - Connected to C++ backend
2026-04-28 11:07:52.400 | INFO     | cpp_client:_reconnect:136 - Reconnected to C++ backend
2026-04-28 11:07:52.400 | WARNING  | cpp_client:_receive_loop:120 - C++ backend connection closed: sent 1002 (protocol error) invalid status code; no close frame received
2026-04-28 11:07:52.400 | INFO     | cpp_client:_reconnect:130 - Reconnecting to C++ backend in 3.0s …
2026-04-28 11:07:55.406 | INFO     | cpp_client:_do_connect:94 - Connecting to C++ backend at ws://localhost:9000/
2026-04-28 11:07:57.455 | INFO     | cpp_client:_do_connect:111 - Connected to C++ backend
2026-04-28 11:07:57.455 | INFO     | cpp_client:_reconnect:136 - Reconnected to C++ backend
2026-04-28 11:07:57.456 | WARNING  | cpp_client:_receive_loop:120 - C++ backend connection closed: sent 1002 (protocol error) invalid status code; no close frame received
2026-04-28 11:07:57.456 | INFO     | cpp_client:_reconnect:130 - Reconnecting to C++ backend in 3.0s …
2026-04-28 11:08:00.462 | INFO     | cpp_client:_do_connect:94 - Connecting to C++ backend at ws://localhost:9000/
2026-04-28 11:08:02.503 | INFO     | cpp_client:_do_connect:111 - Connected to C++ backend
2026-04-28 11:08:02.505 | INFO     | cpp_client:_reconnect:136 - Reconnected to C++ backend
2026-04-28 11:08:02.505 | WARNING  | cpp_client:_receive_loop:120 - C++ backend connection closed: sent 1002 (protocol error) invalid status code; no close frame received
2026-04-28 11:08:02.505 | INFO     | cpp_client:_reconnect:130 - Reconnecting to C++ backend in 3.0s …
2026-04-28 11:08:05.509 | INFO     | cpp_client:_do_connect:94 - Connecting to C++ backend at ws://localhost:9000/
2026-04-28 11:08:07.542 | INFO     | cpp_client:_do_connect:111 - Connected to C++ backend
2026-04-28 11:08:07.542 | INFO     | cpp_client:_reconnect:136 - Reconnected to C++ backend
2026-04-28 11:08:07.544 | WARNING  | cpp_client:_receive_loop:120 - C++ backend connection closed: sent 1002 (protocol error) invalid status code; no close frame received
2026-04-28 11:08:07.544 | INFO     | cpp_client:_reconnect:130 - Reconnecting to C++ backend in 3.0s …
2026-04-28 11:08:10.554 | INFO     | cpp_client:_do_connect:94 - Connecting to C++ backend at ws://localhost:9000/
2026-04-28 11:08:12.595 | INFO     | cpp_client:_do_connect:111 - Connected to C++ backend
2026-04-28 11:08:12.595 | INFO     | cpp_client:_reconnect:136 - Reconnected to C++ backend
2026-04-28 11:08:12.595 | WARNING  | cpp_client:_receive_loop:120 - C++ backend connection closed: sent 1002 (protocol error) invalid status code; no close frame received
2026-04-28 11:08:12.595 | INFO     | cpp_client:_reconnect:130 - Reconnecting to C++ backend in 3.0s …
2026-04-28 11:08:15.596 | INFO     | cpp_client:_do_connect:94 - Connecting to C++ backend at ws://localhost:9000/
2026-04-28 11:08:17.636 | INFO     | cpp_client:_do_connect:111 - Connected to C++ backend
2026-04-28 11:08:17.636 | INFO     | cpp_client:_reconnect:136 - Reconnected to C++ backend
2026-04-28 11:08:17.637 | WARNING  | cpp_client:_receive_loop:120 - C++ backend connection closed: sent 1002 (protocol error) invalid status code; no close frame received
2026-04-28 11:08:17.637 | INFO     | cpp_client:_reconnect:130 - Reconnecting to C++ backend in 3.0s …
2026-04-28 11:08:20.642 | INFO     | cpp_client:_do_connect:94 - Connecting to C++ backend at ws://localhost:9000/
2026-04-28 11:08:22.708 | INFO     | cpp_client:_do_connect:111 - Connected to C++ backend
2026-04-28 11:08:22.708 | INFO     | cpp_client:_reconnect:136 - Reconnected to C++ backend
2026-04-28 11:08:22.708 | WARNING  | cpp_client:_receive_loop:120 - C++ backend connection closed: sent 1002 (protocol error) invalid status code; no close frame received
2026-04-28 11:08:22.708 | INFO     | cpp_client:_reconnect:130 - Reconnecting to C++ backend in 3.0s …
2026-04-28 11:08:25.714 | INFO     | cpp_client:_do_connect:94 - Connecting to C++ backend at ws://localhost:9000/
2026-04-28 11:08:27.774 | INFO     | cpp_client:_do_connect:111 - Connected to C++ backend
2026-04-28 11:08:27.774 | INFO     | cpp_client:_reconnect:136 - Reconnected to C++ backend
2026-04-28 11:08:27.774 | WARNING  | cpp_client:_receive_loop:120 - C++ backend connection closed: sent 1002 (protocol error) invalid status code; no close frame received
2026-04-28 11:08:27.774 | INFO     | cpp_client:_reconnect:130 - Reconnecting to C++ backend in 3.0s …
2026-04-28 11:08:30.782 | INFO     | cpp_client:_do_connect:94 - Connecting to C++ backend at ws://localhost:9000/
2026-04-28 11:08:32.853 | INFO     | cpp_client:_do_connect:111 - Connected to C++ backend
2026-04-28 11:08:32.854 | INFO     | cpp_client:_reconnect:136 - Reconnected to C++ backend
2026-04-28 11:08:32.854 | WARNING  | cpp_client:_receive_loop:120 - C++ backend connection closed: sent 1002 (protocol error) invalid status code; no close frame received
2026-04-28 11:08:32.854 | INFO     | cpp_client:_reconnect:130 - Reconnecting to C++ backend in 3.0s …
2026-04-28 11:08:35.859 | INFO     | cpp_client:_do_connect:94 - Connecting to C++ backend at ws://localhost:9000/
2026-04-28 11:08:37.930 | INFO     | cpp_client:_do_connect:111 - Connected to C++ backend
2026-04-28 11:08:37.930 | INFO     | cpp_client:_reconnect:136 - Reconnected to C++ backend
2026-04-28 11:08:37.930 | WARNING  | cpp_client:_receive_loop:120 - C++ backend connection closed: sent 1002 (protocol error) invalid status code; no close frame received
2026-04-28 11:08:37.930 | INFO     | cpp_client:_reconnect:130 - Reconnecting to C++ backend in 3.0s …
2026-04-28 11:08:40.938 | INFO     | cpp_client:_do_connect:94 - Connecting to C++ backend at ws://localhost:9000/
2026-04-28 11:08:43.009 | INFO     | cpp_client:_do_connect:111 - Connected to C++ backend
2026-04-28 11:08:43.010 | INFO     | cpp_client:_reconnect:136 - Reconnected to C++ backend
2026-04-28 11:08:43.010 | WARNING  | cpp_client:_receive_loop:120 - C++ backend connection closed: sent 1002 (protocol error) invalid status code; no close frame received
2026-04-28 11:08:43.010 | INFO     | cpp_client:_reconnect:130 - Reconnecting to C++ backend in 3.0s …
2026-04-28 11:08:46.022 | INFO     | cpp_client:_do_connect:94 - Connecting to C++ backend at ws://localhost:9000/
2026-04-28 11:08:48.093 | INFO     | cpp_client:_do_connect:111 - Connected to C++ backend
2026-04-28 11:08:48.094 | INFO     | cpp_client:_reconnect:136 - Reconnected to C++ backend
2026-04-28 11:08:48.094 | WARNING  | cpp_client:_receive_loop:120 - C++ backend connection closed: sent 1002 (protocol error) invalid status code; no close frame received
2026-04-28 11:08:48.094 | INFO     | cpp_client:_reconnect:130 - Reconnecting to C++ backend in 3.0s …
2026-04-28 11:08:51.110 | INFO     | cpp_client:_do_connect:94 - Connecting to C++ backend at ws://localhost:9000/
2026-04-28 11:08:53.177 | INFO     | cpp_client:_do_connect:111 - Connected to C++ backend
2026-04-28 11:08:53.177 | INFO     | cpp_client:_reconnect:136 - Reconnected to C++ backend
2026-04-28 11:08:53.179 | WARNING  | cpp_client:_receive_loop:120 - C++ backend connection closed: sent 1002 (protocol error) invalid status code; no close frame received
2026-04-28 11:08:53.179 | INFO     | cpp_client:_reconnect:130 - Reconnecting to C++ backend in 3.0s …
2026-04-28 11:08:56.182 | INFO     | cpp_client:_do_connect:94 - Connecting to C++ backend at ws://localhost:9000/
2026-04-28 11:08:58.245 | INFO     | cpp_client:_do_connect:111 - Connected to C++ backend
2026-04-28 11:08:58.245 | INFO     | cpp_client:_reconnect:136 - Reconnected to C++ backend
2026-04-28 11:08:58.245 | WARNING  | cpp_client:_receive_loop:120 - C++ backend connection closed: sent 1002 (protocol error) invalid status code; no close frame received
2026-04-28 11:08:58.245 | INFO     | cpp_client:_reconnect:130 - Reconnecting to C++ backend in 3.0s …
2026-04-28 11:09:01.247 | INFO     | cpp_client:_do_connect:94 - Connecting to C++ backend at ws://localhost:9000/
2026-04-28 11:09:03.319 | INFO     | cpp_client:_do_connect:111 - Connected to C++ backend
2026-04-28 11:09:03.319 | INFO     | cpp_client:_reconnect:136 - Reconnected to C++ backend
2026-04-28 11:09:03.319 | WARNING  | cpp_client:_receive_loop:120 - C++ backend connection closed: sent 1002 (protocol error) invalid status code; no close frame received
2026-04-28 11:09:03.319 | INFO     | cpp_client:_reconnect:130 - Reconnecting to C++ backend in 3.0s …
2026-04-28 11:09:06.323 | INFO     | cpp_client:_do_connect:94 - Connecting to C++ backend at ws://localhost:9000/
2026-04-28 11:09:08.393 | INFO     | cpp_client:_do_connect:111 - Connected to C++ backend
2026-04-28 11:09:08.393 | INFO     | cpp_client:_reconnect:136 - Reconnected to C++ backend
2026-04-28 11:09:08.393 | WARNING  | cpp_client:_receive_loop:120 - C++ backend connection closed: sent 1002 (protocol error) invalid status code; no close frame received
2026-04-28 11:09:08.393 | INFO     | cpp_client:_reconnect:130 - Reconnecting to C++ backend in 3.0s …
2026-04-28 11:09:11.398 | INFO     | cpp_client:_do_connect:94 - Connecting to C++ backend at ws://localhost:9000/
2026-04-28 11:09:13.466 | INFO     | cpp_client:_do_connect:111 - Connected to C++ backend
2026-04-28 11:09:13.466 | INFO     | cpp_client:_reconnect:136 - Reconnected to C++ backend
2026-04-28 11:09:13.466 | WARNING  | cpp_client:_receive_loop:120 - C++ backend connection closed: sent 1002 (protocol error) invalid status code; no close frame received
2026-04-28 11:09:13.466 | INFO     | cpp_client:_reconnect:130 - Reconnecting to C++ backend in 3.0s …
2026-04-28 11:09:16.474 | INFO     | cpp_client:_do_connect:94 - Connecting to C++ backend at ws://localhost:9000/
2026-04-28 11:09:18.527 | INFO     | cpp_client:_do_connect:111 - Connected to C++ backend
2026-04-28 11:09:18.527 | INFO     | cpp_client:_reconnect:136 - Reconnected to C++ backend
2026-04-28 11:09:18.528 | WARNING  | cpp_client:_receive_loop:120 - C++ backend connection closed: sent 1002 (protocol error) invalid status code; no close frame received
2026-04-28 11:09:18.528 | INFO     | cpp_client:_reconnect:130 - Reconnecting to C++ backend in 3.0s …
2026-04-28 11:09:21.536 | INFO     | cpp_client:_do_connect:94 - Connecting to C++ backend at ws://localhost:9000/
2026-04-28 11:09:23.600 | INFO     | cpp_client:_do_connect:111 - Connected to C++ backend
2026-04-28 11:09:23.602 | INFO     | cpp_client:_reconnect:136 - Reconnected to C++ backend
2026-04-28 11:09:23.602 | WARNING  | cpp_client:_receive_loop:120 - C++ backend connection closed: sent 1002 (protocol error) invalid status code; no close frame received
2026-04-28 11:09:23.602 | INFO     | cpp_client:_reconnect:130 - Reconnecting to C++ backend in 3.0s …
2026-04-28 11:09:26.604 | INFO     | cpp_client:_do_connect:94 - Connecting to C++ backend at ws://localhost:9000/
2026-04-28 11:09:28.673 | INFO     | cpp_client:_do_connect:111 - Connected to C++ backend
2026-04-28 11:09:28.673 | INFO     | cpp_client:_reconnect:136 - Reconnected to C++ backend
2026-04-28 11:09:28.673 | WARNING  | cpp_client:_receive_loop:120 - C++ backend connection closed: sent 1002 (protocol error) invalid status code; no close frame received
2026-04-28 11:09:28.673 | INFO     | cpp_client:_reconnect:130 - Reconnecting to C++ backend in 3.0s …
2026-04-28 11:09:31.678 | INFO     | cpp_client:_do_connect:94 - Connecting to C++ backend at ws://localhost:9000/
2026-04-28 11:09:33.755 | INFO     | cpp_client:_do_connect:111 - Connected to C++ backend
2026-04-28 11:09:33.755 | INFO     | cpp_client:_reconnect:136 - Reconnected to C++ backend
2026-04-28 11:09:33.755 | WARNING  | cpp_client:_receive_loop:120 - C++ backend connection closed: sent 1002 (protocol error) invalid status code; no close frame received
2026-04-28 11:09:33.755 | INFO     | cpp_client:_reconnect:130 - Reconnecting to C++ backend in 3.0s …
2026-04-28 11:09:36.760 | INFO     | cpp_client:_do_connect:94 - Connecting to C++ backend at ws://localhost:9000/
2026-04-28 11:09:38.819 | INFO     | cpp_client:_do_connect:111 - Connected to C++ backend
2026-04-28 11:09:38.819 | INFO     | cpp_client:_reconnect:136 - Reconnected to C++ backend
2026-04-28 11:09:38.819 | WARNING  | cpp_client:_receive_loop:120 - C++ backend connection closed: sent 1002 (protocol error) invalid status code; no close frame received
2026-04-28 11:09:38.819 | INFO     | cpp_client:_reconnect:130 - Reconnecting to C++ backend in 3.0s …
2026-04-28 11:09:41.821 | INFO     | cpp_client:_do_connect:94 - Connecting to C++ backend at ws://localhost:9000/
2026-04-28 11:09:43.893 | INFO     | cpp_client:_do_connect:111 - Connected to C++ backend
2026-04-28 11:09:43.894 | INFO     | cpp_client:_reconnect:136 - Reconnected to C++ backend
2026-04-28 11:09:43.894 | WARNING  | cpp_client:_receive_loop:120 - C++ backend connection closed: sent 1002 (protocol error) invalid status code; no close frame received
2026-04-28 11:09:43.894 | INFO     | cpp_client:_reconnect:130 - Reconnecting to C++ backend in 3.0s …
2026-04-28 11:09:46.904 | INFO     | cpp_client:_do_connect:94 - Connecting to C++ backend at ws://localhost:9000/
2026-04-28 11:09:48.955 | INFO     | cpp_client:_do_connect:111 - Connected to C++ backend
2026-04-28 11:09:48.955 | INFO     | cpp_client:_reconnect:136 - Reconnected to C++ backend
2026-04-28 11:09:48.957 | WARNING  | cpp_client:_receive_loop:120 - C++ backend connection closed: sent 1002 (protocol error) invalid status code; no close frame received
2026-04-28 11:09:48.957 | INFO     | cpp_client:_reconnect:130 - Reconnecting to C++ backend in 3.0s …
2026-04-28 11:09:51.958 | INFO     | cpp_client:_do_connect:94 - Connecting to C++ backend at ws://localhost:9000/
2026-04-28 11:09:54.032 | INFO     | cpp_client:_do_connect:111 - Connected to C++ backend
2026-04-28 11:09:54.032 | INFO     | cpp_client:_reconnect:136 - Reconnected to C++ backend
2026-04-28 11:09:54.032 | WARNING  | cpp_client:_receive_loop:120 - C++ backend connection closed: sent 1002 (protocol error) invalid status code; no close frame received
2026-04-28 11:09:54.034 | INFO     | cpp_client:_reconnect:130 - Reconnecting to C++ backend in 3.0s …
2026-04-28 11:09:57.038 | INFO     | cpp_client:_do_connect:94 - Connecting to C++ backend at ws://localhost:9000/
2026-04-28 11:09:59.092 | INFO     | cpp_client:_do_connect:111 - Connected to C++ backend
2026-04-28 11:09:59.092 | INFO     | cpp_client:_reconnect:136 - Reconnected to C++ backend
2026-04-28 11:09:59.092 | WARNING  | cpp_client:_receive_loop:120 - C++ backend connection closed: sent 1002 (protocol error) invalid status code; no close frame received
2026-04-28 11:09:59.094 | INFO     | cpp_client:_reconnect:130 - Reconnecting to C++ backend in 3.0s …
2026-04-28 11:10:02.099 | INFO     | cpp_client:_do_connect:94 - Connecting to C++ backend at ws://localhost:9000/
2026-04-28 11:10:04.170 | INFO     | cpp_client:_do_connect:111 - Connected to C++ backend
2026-04-28 11:10:04.170 | INFO     | cpp_client:_reconnect:136 - Reconnected to C++ backend
2026-04-28 11:10:04.170 | WARNING  | cpp_client:_receive_loop:120 - C++ backend connection closed: sent 1002 (protocol error) invalid status code; no close frame received
2026-04-28 11:10:04.170 | INFO     | cpp_client:_reconnect:130 - Reconnecting to C++ backend in 3.0s …
2026-04-28 11:10:07.176 | INFO     | cpp_client:_do_connect:94 - Connecting to C++ backend at ws://localhost:9000/
2026-04-28 11:10:09.237 | INFO     | cpp_client:_do_connect:111 - Connected to C++ backend
2026-04-28 11:10:09.237 | INFO     | cpp_client:_reconnect:136 - Reconnected to C++ backend
2026-04-28 11:10:09.237 | WARNING  | cpp_client:_receive_loop:120 - C++ backend connection closed: sent 1002 (protocol error) invalid status code; no close frame received
2026-04-28 11:10:09.239 | INFO     | cpp_client:_reconnect:130 - Reconnecting to C++ backend in 3.0s …
2026-04-28 11:10:12.245 | INFO     | cpp_client:_do_connect:94 - Connecting to C++ backend at ws://localhost:9000/
2026-04-28 11:10:14.307 | INFO     | cpp_client:_do_connect:111 - Connected to C++ backend
2026-04-28 11:10:14.307 | INFO     | cpp_client:_reconnect:136 - Reconnected to C++ backend
2026-04-28 11:10:14.308 | WARNING  | cpp_client:_receive_loop:120 - C++ backend connection closed: sent 1002 (protocol error) invalid status code; no close frame received
2026-04-28 11:10:14.308 | INFO     | cpp_client:_reconnect:130 - Reconnecting to C++ backend in 3.0s …
2026-04-28 11:10:17.319 | INFO     | cpp_client:_do_connect:94 - Connecting to C++ backend at ws://localhost:9000/
2026-04-28 11:10:19.395 | INFO     | cpp_client:_do_connect:111 - Connected to C++ backend
2026-04-28 11:10:19.395 | INFO     | cpp_client:_reconnect:136 - Reconnected to C++ backend
2026-04-28 11:10:19.395 | WARNING  | cpp_client:_receive_loop:120 - C++ backend connection closed: sent 1002 (protocol error) invalid status code; no close frame received
2026-04-28 11:10:19.395 | INFO     | cpp_client:_reconnect:130 - Reconnecting to C++ backend in 3.0s …
2026-04-28 11:10:22.397 | INFO     | cpp_client:_do_connect:94 - Connecting to C++ backend at ws://localhost:9000/
2026-04-28 11:10:24.456 | INFO     | cpp_client:_do_connect:111 - Connected to C++ backend
2026-04-28 11:10:24.456 | INFO     | cpp_client:_reconnect:136 - Reconnected to C++ backend
2026-04-28 11:10:24.457 | WARNING  | cpp_client:_receive_loop:120 - C++ backend connection closed: sent 1002 (protocol error) invalid status code; no close frame received
2026-04-28 11:10:24.457 | INFO     | cpp_client:_reconnect:130 - Reconnecting to C++ backend in 3.0s …
2026-04-28 11:10:27.463 | INFO     | cpp_client:_do_connect:94 - Connecting to C++ backend at ws://localhost:9000/
2026-04-28 11:10:29.523 | INFO     | cpp_client:_do_connect:111 - Connected to C++ backend
2026-04-28 11:10:29.523 | INFO     | cpp_client:_reconnect:136 - Reconnected to C++ backend
2026-04-28 11:10:29.525 | WARNING  | cpp_client:_receive_loop:120 - C++ backend connection closed: sent 1002 (protocol error) invalid status code; no close frame received
2026-04-28 11:10:29.525 | INFO     | cpp_client:_reconnect:130 - Reconnecting to C++ backend in 3.0s …
2026-04-28 11:10:32.531 | INFO     | cpp_client:_do_connect:94 - Connecting to C++ backend at ws://localhost:9000/
2026-04-28 11:10:34.590 | INFO     | cpp_client:_do_connect:111 - Connected to C++ backend
2026-04-28 11:10:34.592 | INFO     | cpp_client:_reconnect:136 - Reconnected to C++ backend
2026-04-28 11:10:34.592 | WARNING  | cpp_client:_receive_loop:120 - C++ backend connection closed: sent 1002 (protocol error) invalid status code; no close frame received
2026-04-28 11:10:34.592 | INFO     | cpp_client:_reconnect:130 - Reconnecting to C++ backend in 3.0s …
2026-04-28 11:10:37.593 | INFO     | cpp_client:_do_connect:94 - Connecting to C++ backend at ws://localhost:9000/
2026-04-28 11:10:39.661 | INFO     | cpp_client:_do_connect:111 - Connected to C++ backend
2026-04-28 11:10:39.661 | INFO     | cpp_client:_reconnect:136 - Reconnected to C++ backend
2026-04-28 11:10:39.661 | WARNING  | cpp_client:_receive_loop:120 - C++ backend connection closed: sent 1002 (protocol error) invalid status code; no close frame received
2026-04-28 11:10:39.661 | INFO     | cpp_client:_reconnect:130 - Reconnecting to C++ backend in 3.0s …
2026-04-28 11:10:42.661 | INFO     | cpp_client:_do_connect:94 - Connecting to C++ backend at ws://localhost:9000/
2026-04-28 11:10:44.729 | INFO     | cpp_client:_do_connect:111 - Connected to C++ backend
2026-04-28 11:10:44.731 | INFO     | cpp_client:_reconnect:136 - Reconnected to C++ backend
2026-04-28 11:10:44.731 | WARNING  | cpp_client:_receive_loop:120 - C++ backend connection closed: sent 1002 (protocol error) invalid status code; no close frame received
2026-04-28 11:10:44.731 | INFO     | cpp_client:_reconnect:130 - Reconnecting to C++ backend in 3.0s …
2026-04-28 11:10:47.745 | INFO     | cpp_client:_do_connect:94 - Connecting to C++ backend at ws://localhost:9000/
2026-04-28 11:10:49.821 | INFO     | cpp_client:_do_connect:111 - Connected to C++ backend
2026-04-28 11:10:49.821 | INFO     | cpp_client:_reconnect:136 - Reconnected to C++ backend
2026-04-28 11:10:49.821 | WARNING  | cpp_client:_receive_loop:120 - C++ backend connection closed: sent 1002 (protocol error) invalid status code; no close frame received
2026-04-28 11:10:49.823 | INFO     | cpp_client:_reconnect:130 - Reconnecting to C++ backend in 3.0s …
2026-04-28 11:10:52.827 | INFO     | cpp_client:_do_connect:94 - Connecting to C++ backend at ws://localhost:9000/
2026-04-28 11:10:54.887 | INFO     | cpp_client:_do_connect:111 - Connected to C++ backend
2026-04-28 11:10:54.889 | INFO     | cpp_client:_reconnect:136 - Reconnected to C++ backend
2026-04-28 11:10:54.889 | WARNING  | cpp_client:_receive_loop:120 - C++ backend connection closed: sent 1002 (protocol error) invalid status code; no close frame received
2026-04-28 11:10:54.889 | INFO     | cpp_client:_reconnect:130 - Reconnecting to C++ backend in 3.0s …
2026-04-28 11:10:57.898 | INFO     | cpp_client:_do_connect:94 - Connecting to C++ backend at ws://localhost:9000/
2026-04-28 11:10:59.960 | INFO     | cpp_client:_do_connect:111 - Connected to C++ backend
2026-04-28 11:10:59.960 | INFO     | cpp_client:_reconnect:136 - Reconnected to C++ backend
2026-04-28 11:10:59.962 | WARNING  | cpp_client:_receive_loop:120 - C++ backend connection closed: sent 1002 (protocol error) invalid status code; no close frame received
2026-04-28 11:10:59.962 | INFO     | cpp_client:_reconnect:130 - Reconnecting to C++ backend in 3.0s …
2026-04-28 11:11:02.971 | INFO     | cpp_client:_do_connect:94 - Connecting to C++ backend at ws://localhost:9000/
2026-04-28 11:11:05.041 | INFO     | cpp_client:_do_connect:111 - Connected to C++ backend
2026-04-28 11:11:05.041 | INFO     | cpp_client:_reconnect:136 - Reconnected to C++ backend
2026-04-28 11:11:05.041 | WARNING  | cpp_client:_receive_loop:120 - C++ backend connection closed: sent 1002 (protocol error) invalid status code; no close frame received
2026-04-28 11:11:05.041 | INFO     | cpp_client:_reconnect:130 - Reconnecting to C++ backend in 3.0s …
2026-04-28 11:11:08.043 | INFO     | cpp_client:_do_connect:94 - Connecting to C++ backend at ws://localhost:9000/
2026-04-28 11:11:10.106 | INFO     | cpp_client:_do_connect:111 - Connected to C++ backend
2026-04-28 11:11:10.106 | INFO     | cpp_client:_reconnect:136 - Reconnected to C++ backend
2026-04-28 11:11:10.106 | WARNING  | cpp_client:_receive_loop:120 - C++ backend connection closed: sent 1002 (protocol error) invalid status code; no close frame received
2026-04-28 11:11:10.106 | INFO     | cpp_client:_reconnect:130 - Reconnecting to C++ backend in 3.0s …
2026-04-28 11:11:13.123 | INFO     | cpp_client:_do_connect:94 - Connecting to C++ backend at ws://localhost:9000/
2026-04-28 11:11:15.198 | INFO     | cpp_client:_do_connect:111 - Connected to C++ backend
2026-04-28 11:11:15.198 | INFO     | cpp_client:_reconnect:136 - Reconnected to C++ backend
2026-04-28 11:11:15.199 | WARNING  | cpp_client:_receive_loop:120 - C++ backend connection closed: sent 1002 (protocol error) invalid status code; no close frame received
2026-04-28 11:11:15.199 | INFO     | cpp_client:_reconnect:130 - Reconnecting to C++ backend in 3.0s …
2026-04-28 11:11:18.204 | INFO     | cpp_client:_do_connect:94 - Connecting to C++ backend at ws://localhost:9000/
2026-04-28 11:11:20.262 | INFO     | cpp_client:_do_connect:111 - Connected to C++ backend
2026-04-28 11:11:20.263 | INFO     | cpp_client:_reconnect:136 - Reconnected to C++ backend
2026-04-28 11:11:20.263 | WARNING  | cpp_client:_receive_loop:120 - C++ backend connection closed: sent 1002 (protocol error) invalid status code; no close frame received
2026-04-28 11:11:20.263 | INFO     | cpp_client:_reconnect:130 - Reconnecting to C++ backend in 3.0s …
2026-04-28 11:11:23.272 | INFO     | cpp_client:_do_connect:94 - Connecting to C++ backend at ws://localhost:9000/
2026-04-28 11:11:31.860 | WARNING  | cpp_client:_reconnect:139 - Reconnect attempt failed: Could not connect to C++ backend at ws://localhost:9000/: did not receive a valid HTTP response
2026-04-28 11:11:31.862 | INFO     | cpp_client:_reconnect:130 - Reconnecting to C++ backend in 3.0s …
2026-04-28 11:11:34.875 | INFO     | cpp_client:_do_connect:94 - Connecting to C++ backend at ws://localhost:9000/
2026-04-28 11:11:38.458 | INFO     | cpp_client:_do_connect:111 - Connected to C++ backend
2026-04-28 11:11:38.460 | INFO     | cpp_client:_reconnect:136 - Reconnected to C++ backend
2026-04-28 11:11:58.131 | WARNING  | cpp_client:_receive_loop:120 - C++ backend connection closed: no close frame received or sent
2026-04-28 11:11:58.131 | INFO     | cpp_client:_reconnect:130 - Reconnecting to C++ backend in 3.0s …
2026-04-28 11:12:01.136 | INFO     | cpp_client:_do_connect:94 - Connecting to C++ backend at ws://localhost:9000/
2026-04-28 11:12:03.172 | INFO     | cpp_client:_do_connect:111 - Connected to C++ backend
2026-04-28 11:12:03.172 | INFO     | cpp_client:_reconnect:136 - Reconnected to C++ backend
2026-04-28 11:12:07.572 | WARNING  | cpp_client:_receive_loop:120 - C++ backend connection closed: no close frame received or sent
2026-04-28 11:12:07.573 | INFO     | cpp_client:_reconnect:130 - Reconnecting to C++ backend in 3.0s …
2026-04-28 11:12:10.583 | INFO     | cpp_client:_do_connect:94 - Connecting to C++ backend at ws://localhost:9000/
2026-04-28 11:12:15.141 | INFO     | cpp_client:_do_connect:94 - Connecting to C++ backend at ws://localhost:9000/
2026-04-28 11:12:19.185 | WARNING  | cpp_client:_reconnect:139 - Reconnect attempt failed: Could not connect to C++ backend at ws://localhost:9000/: [WinError 1225] 远程计算机拒绝网络连接。
2026-04-28 11:12:19.185 | INFO     | cpp_client:_reconnect:130 - Reconnecting to C++ backend in 3.0s …
2026-04-28 11:12:22.199 | INFO     | cpp_client:_do_connect:94 - Connecting to C++ backend at ws://localhost:9000/
2026-04-28 11:12:26.774 | INFO     | cpp_client:_do_connect:94 - Connecting to C++ backend at ws://localhost:9000/
2026-04-28 11:12:28.830 | INFO     | cpp_client:_do_connect:111 - Connected to C++ backend
2026-04-28 11:12:28.830 | INFO     | cpp_client:_reconnect:136 - Reconnected to C++ backend
2026-04-28 11:12:42.527 | WARNING  | cpp_client:_receive_loop:120 - C++ backend connection closed: no close frame received or sent
2026-04-28 11:12:42.527 | INFO     | cpp_client:_reconnect:130 - Reconnecting to C++ backend in 3.0s …
2026-04-28 11:12:45.532 | INFO     | cpp_client:_do_connect:94 - Connecting to C++ backend at ws://localhost:9000/
2026-04-28 11:12:50.142 | INFO     | cpp_client:_do_connect:94 - Connecting to C++ backend at ws://localhost:9000/
2026-04-28 11:12:54.229 | INFO     | cpp_client:_do_connect:111 - Connected to C++ backend
2026-04-28 11:12:54.231 | INFO     | cpp_client:_reconnect:136 - Reconnected to C++ backend
2026-04-28 11:13:15.264 | WARNING  | cpp_client:_receive_loop:120 - C++ backend connection closed: no close frame received or sent
2026-04-28 11:13:15.264 | INFO     | cpp_client:_reconnect:130 - Reconnecting to C++ backend in 3.0s …
2026-04-28 11:13:18.265 | INFO     | cpp_client:_do_connect:94 - Connecting to C++ backend at ws://localhost:9000/
2026-04-28 11:13:22.833 | INFO     | cpp_client:_do_connect:94 - Connecting to C++ backend at ws://localhost:9000/
2026-04-28 11:13:26.890 | WARNING  | cpp_client:_reconnect:139 - Reconnect attempt failed: Could not connect to C++ backend at ws://localhost:9000/: [WinError 1225] 远程计算机拒绝网络连接。
2026-04-28 11:13:26.890 | INFO     | cpp_client:_reconnect:130 - Reconnecting to C++ backend in 3.0s …
2026-04-28 11:13:29.897 | INFO     | cpp_client:_do_connect:94 - Connecting to C++ backend at ws://localhost:9000/
2026-04-28 11:13:34.488 | INFO     | cpp_client:_do_connect:94 - Connecting to C++ backend at ws://localhost:9000/
2026-04-28 11:13:38.583 | WARNING  | cpp_client:_reconnect:139 - Reconnect attempt failed: Could not connect to C++ backend at ws://localhost:9000/: [WinError 1225] 远程计算机拒绝网络连接。
2026-04-28 11:13:38.583 | INFO     | cpp_client:_reconnect:130 - Reconnecting to C++ backend in 3.0s …
2026-04-28 11:13:41.599 | INFO     | cpp_client:_do_connect:94 - Connecting to C++ backend at ws://localhost:9000/
2026-04-28 11:13:46.183 | INFO     | cpp_client:_do_connect:94 - Connecting to C++ backend at ws://localhost:9000/
2026-04-28 11:13:50.246 | WARNING  | cpp_client:_reconnect:139 - Reconnect attempt failed: Could not connect to C++ backend at ws://localhost:9000/: [WinError 1225] 远程计算机拒绝网络连接。
2026-04-28 11:13:50.246 | INFO     | cpp_client:_reconnect:130 - Reconnecting to C++ backend in 3.0s …
2026-04-28 11:13:53.253 | INFO     | cpp_client:_do_connect:94 - Connecting to C++ backend at ws://localhost:9000/
2026-04-28 11:13:57.815 | INFO     | cpp_client:_do_connect:94 - Connecting to C++ backend at ws://localhost:9000/
2026-04-28 11:14:01.869 | WARNING  | cpp_client:_reconnect:139 - Reconnect attempt failed: Could not connect to C++ backend at ws://localhost:9000/: [WinError 1225] 远程计算机拒绝网络连接。
2026-04-28 11:14:01.869 | INFO     | cpp_client:_reconnect:130 - Reconnecting to C++ backend in 3.0s …
2026-04-28 11:14:04.872 | INFO     | cpp_client:_do_connect:94 - Connecting to C++ backend at ws://localhost:9000/
2026-04-28 11:14:09.462 | INFO     | cpp_client:_do_connect:94 - Connecting to C++ backend at ws://localhost:9000/
2026-04-28 11:14:13.525 | WARNING  | cpp_client:_reconnect:139 - Reconnect attempt failed: Could not connect to C++ backend at ws://localhost:9000/: [WinError 1225] 远程计算机拒绝网络连接。
2026-04-28 11:14:13.525 | INFO     | cpp_client:_reconnect:130 - Reconnecting to C++ backend in 3.0s …
2026-04-28 11:14:16.532 | INFO     | cpp_client:_do_connect:94 - Connecting to C++ backend at ws://localhost:9000/
2026-04-28 11:14:21.136 | INFO     | cpp_client:_do_connect:94 - Connecting to C++ backend at ws://localhost:9000/
2026-04-28 11:14:25.212 | WARNING  | cpp_client:_reconnect:139 - Reconnect attempt failed: Could not connect to C++ backend at ws://localhost:9000/: [WinError 1225] 远程计算机拒绝网络连接。
2026-04-28 11:14:25.214 | INFO     | cpp_client:_reconnect:130 - Reconnecting to C++ backend in 3.0s …
2026-04-28 11:14:28.221 | INFO     | cpp_client:_do_connect:94 - Connecting to C++ backend at ws://localhost:9000/
2026-04-28 11:14:32.792 | INFO     | cpp_client:_do_connect:94 - Connecting to C++ backend at ws://localhost:9000/
2026-04-28 11:14:36.860 | WARNING  | cpp_client:_reconnect:139 - Reconnect attempt failed: Could not connect to C++ backend at ws://localhost:9000/: [WinError 1225] 远程计算机拒绝网络连接。
2026-04-28 11:14:36.860 | INFO     | cpp_client:_reconnect:130 - Reconnecting to C++ backend in 3.0s …
2026-04-28 11:14:39.874 | INFO     | cpp_client:_do_connect:94 - Connecting to C++ backend at ws://localhost:9000/
2026-04-28 11:14:44.467 | INFO     | cpp_client:_do_connect:94 - Connecting to C++ backend at ws://localhost:9000/
2026-04-28 11:14:48.532 | WARNING  | cpp_client:_reconnect:139 - Reconnect attempt failed: Could not connect to C++ backend at ws://localhost:9000/: [WinError 1225] 远程计算机拒绝网络连接。
2026-04-28 11:14:48.532 | INFO     | cpp_client:_reconnect:130 - Reconnecting to C++ backend in 3.0s …
2026-04-28 11:14:51.547 | INFO     | cpp_client:_do_connect:94 - Connecting to C++ backend at ws://localhost:9000/
2026-04-28 11:14:56.100 | INFO     | cpp_client:_do_connect:94 - Connecting to C++ backend at ws://localhost:9000/
2026-04-28 11:15:00.160 | WARNING  | cpp_client:_reconnect:139 - Reconnect attempt failed: Could not connect to C++ backend at ws://localhost:9000/: [WinError 1225] 远程计算机拒绝网络连接。
2026-04-28 11:15:00.161 | INFO     | cpp_client:_reconnect:130 - Reconnecting to C++ backend in 3.0s …
2026-04-28 11:15:03.169 | INFO     | cpp_client:_do_connect:94 - Connecting to C++ backend at ws://localhost:9000/
2026-04-28 11:15:07.737 | INFO     | cpp_client:_do_connect:94 - Connecting to C++ backend at ws://localhost:9000/
2026-04-28 11:15:11.773 | WARNING  | cpp_client:_reconnect:139 - Reconnect attempt failed: Could not connect to C++ backend at ws://localhost:9000/: [WinError 1225] 远程计算机拒绝网络连接。
2026-04-28 11:15:11.773 | INFO     | cpp_client:_reconnect:130 - Reconnecting to C++ backend in 3.0s …
2026-04-28 11:15:14.788 | INFO     | cpp_client:_do_connect:94 - Connecting to C++ backend at ws://localhost:9000/
2026-04-28 11:15:19.345 | INFO     | cpp_client:_do_connect:94 - Connecting to C++ backend at ws://localhost:9000/
2026-04-28 11:15:23.387 | WARNING  | cpp_client:_reconnect:139 - Reconnect attempt failed: Could not connect to C++ backend at ws://localhost:9000/: [WinError 1225] 远程计算机拒绝网络连接。
2026-04-28 11:15:23.387 | INFO     | cpp_client:_reconnect:130 - Reconnecting to C++ backend in 3.0s …
2026-04-28 11:15:26.390 | INFO     | cpp_client:_do_connect:94 - Connecting to C++ backend at ws://localhost:9000/
2026-04-28 11:15:30.942 | INFO     | cpp_client:_do_connect:94 - Connecting to C++ backend at ws://localhost:9000/
2026-04-28 11:15:34.996 | WARNING  | cpp_client:_reconnect:139 - Reconnect attempt failed: Could not connect to C++ backend at ws://localhost:9000/: [WinError 1225] 远程计算机拒绝网络连接。
2026-04-28 11:15:34.996 | INFO     | cpp_client:_reconnect:130 - Reconnecting to C++ backend in 3.0s …
2026-04-28 11:15:38.000 | INFO     | cpp_client:_do_connect:94 - Connecting to C++ backend at ws://localhost:9000/
2026-04-28 11:15:42.555 | INFO     | cpp_client:_do_connect:94 - Connecting to C++ backend at ws://localhost:9000/
2026-04-28 11:15:46.611 | WARNING  | cpp_client:_reconnect:139 - Reconnect attempt failed: Could not connect to C++ backend at ws://localhost:9000/: [WinError 1225] 远程计算机拒绝网络连接。
2026-04-28 11:15:46.611 | INFO     | cpp_client:_reconnect:130 - Reconnecting to C++ backend in 3.0s …
2026-04-28 11:15:49.618 | INFO     | cpp_client:_do_connect:94 - Connecting to C++ backend at ws://localhost:9000/
2026-04-28 11:15:53.694 | INFO     | cpp_client:_do_connect:111 - Connected to C++ backend
2026-04-28 11:15:53.694 | INFO     | cpp_client:_reconnect:136 - Reconnected to C++ backend
2026-04-28 11:16:03.904 | WARNING  | cpp_client:_receive_loop:120 - C++ backend connection closed: no close frame received or sent
2026-04-28 11:16:03.904 | INFO     | cpp_client:_reconnect:130 - Reconnecting to C++ backend in 3.0s …
2026-04-28 11:16:06.916 | INFO     | cpp_client:_do_connect:94 - Connecting to C++ backend at ws://localhost:9000/
2026-04-28 11:16:08.947 | INFO     | cpp_client:_do_connect:111 - Connected to C++ backend
2026-04-28 11:16:08.947 | INFO     | cpp_client:_reconnect:136 - Reconnected to C++ backend
2026-04-28 11:16:14.308 | WARNING  | cpp_client:_receive_loop:120 - C++ backend connection closed: no close frame received or sent
2026-04-28 11:16:14.308 | INFO     | cpp_client:_reconnect:130 - Reconnecting to C++ backend in 3.0s …
2026-04-28 11:16:17.316 | INFO     | cpp_client:_do_connect:94 - Connecting to C++ backend at ws://localhost:9000/
2026-04-28 11:16:21.869 | INFO     | cpp_client:_do_connect:94 - Connecting to C++ backend at ws://localhost:9000/
2026-04-28 11:16:25.931 | WARNING  | cpp_client:_reconnect:139 - Reconnect attempt failed: Could not connect to C++ backend at ws://localhost:9000/: [WinError 1225] 远程计算机拒绝网络连接。
2026-04-28 11:16:25.931 | INFO     | cpp_client:_reconnect:130 - Reconnecting to C++ backend in 3.0s …
2026-04-28 11:16:28.937 | INFO     | cpp_client:_do_connect:94 - Connecting to C++ backend at ws://localhost:9000/
2026-04-28 11:16:33.502 | INFO     | cpp_client:_do_connect:94 - Connecting to C++ backend at ws://localhost:9000/
2026-04-28 11:16:37.582 | WARNING  | cpp_client:_reconnect:139 - Reconnect attempt failed: Could not connect to C++ backend at ws://localhost:9000/: [WinError 1225] 远程计算机拒绝网络连接。
2026-04-28 11:16:37.582 | INFO     | cpp_client:_reconnect:130 - Reconnecting to C++ backend in 3.0s …
2026-04-28 11:16:40.597 | INFO     | cpp_client:_do_connect:94 - Connecting to C++ backend at ws://localhost:9000/
2026-04-28 11:16:45.153 | INFO     | cpp_client:_do_connect:94 - Connecting to C++ backend at ws://localhost:9000/
2026-04-28 11:16:49.196 | WARNING  | cpp_client:_reconnect:139 - Reconnect attempt failed: Could not connect to C++ backend at ws://localhost:9000/: [WinError 1225] 远程计算机拒绝网络连接。
2026-04-28 11:16:49.197 | INFO     | cpp_client:_reconnect:130 - Reconnecting to C++ backend in 3.0s …
2026-04-28 11:16:52.206 | INFO     | cpp_client:_do_connect:94 - Connecting to C++ backend at ws://localhost:9000/
2026-04-28 11:16:56.744 | INFO     | cpp_client:_do_connect:94 - Connecting to C++ backend at ws://localhost:9000/
2026-04-28 11:17:00.801 | WARNING  | cpp_client:_reconnect:139 - Reconnect attempt failed: Could not connect to C++ backend at ws://localhost:9000/: [WinError 1225] 远程计算机拒绝网络连接。
2026-04-28 11:17:00.801 | INFO     | cpp_client:_reconnect:130 - Reconnecting to C++ backend in 3.0s …
2026-04-28 11:17:03.805 | INFO     | cpp_client:_do_connect:94 - Connecting to C++ backend at ws://localhost:9000/
2026-04-28 11:17:08.354 | INFO     | cpp_client:_do_connect:94 - Connecting to C++ backend at ws://localhost:9000/
2026-04-28 11:17:12.403 | WARNING  | cpp_client:_reconnect:139 - Reconnect attempt failed: Could not connect to C++ backend at ws://localhost:9000/: [WinError 1225] 远程计算机拒绝网络连接。
2026-04-28 11:17:12.403 | INFO     | cpp_client:_reconnect:130 - Reconnecting to C++ backend in 3.0s …
2026-04-28 11:17:15.414 | INFO     | cpp_client:_do_connect:94 - Connecting to C++ backend at ws://localhost:9000/
2026-04-28 11:17:19.977 | INFO     | cpp_client:_do_connect:94 - Connecting to C++ backend at ws://localhost:9000/
2026-04-28 11:17:24.082 | WARNING  | cpp_client:_reconnect:139 - Reconnect attempt failed: Could not connect to C++ backend at ws://localhost:9000/: [WinError 1225] 远程计算机拒绝网络连接。
2026-04-28 11:17:24.082 | INFO     | cpp_client:_reconnect:130 - Reconnecting to C++ backend in 3.0s …
2026-04-28 11:17:27.090 | INFO     | cpp_client:_do_connect:94 - Connecting to C++ backend at ws://localhost:9000/
2026-04-28 11:17:31.645 | INFO     | cpp_client:_do_connect:94 - Connecting to C++ backend at ws://localhost:9000/
2026-04-28 11:17:35.708 | WARNING  | cpp_client:_reconnect:139 - Reconnect attempt failed: Could not connect to C++ backend at ws://localhost:9000/: [WinError 1225] 远程计算机拒绝网络连接。
2026-04-28 11:17:35.708 | INFO     | cpp_client:_reconnect:130 - Reconnecting to C++ backend in 3.0s …
2026-04-28 11:17:38.715 | INFO     | cpp_client:_do_connect:94 - Connecting to C++ backend at ws://localhost:9000/
2026-04-28 11:17:43.303 | INFO     | cpp_client:_do_connect:94 - Connecting to C++ backend at ws://localhost:9000/
2026-04-28 11:17:47.345 | WARNING  | cpp_client:_reconnect:139 - Reconnect attempt failed: Could not connect to C++ backend at ws://localhost:9000/: [WinError 1225] 远程计算机拒绝网络连接。
2026-04-28 11:17:47.345 | INFO     | cpp_client:_reconnect:130 - Reconnecting to C++ backend in 3.0s …
2026-04-28 11:17:50.356 | INFO     | cpp_client:_do_connect:94 - Connecting to C++ backend at ws://localhost:9000/
2026-04-28 11:17:54.937 | INFO     | cpp_client:_do_connect:94 - Connecting to C++ backend at ws://localhost:9000/
2026-04-28 11:17:58.995 | WARNING  | cpp_client:_reconnect:139 - Reconnect attempt failed: Could not connect to C++ backend at ws://localhost:9000/: [WinError 1225] 远程计算机拒绝网络连接。
2026-04-28 11:17:58.995 | INFO     | cpp_client:_reconnect:130 - Reconnecting to C++ backend in 3.0s …
2026-04-28 11:18:02.002 | INFO     | cpp_client:_do_connect:94 - Connecting to C++ backend at ws://localhost:9000/
2026-04-28 11:18:06.557 | INFO     | cpp_client:_do_connect:94 - Connecting to C++ backend at ws://localhost:9000/
2026-04-28 11:18:10.626 | WARNING  | cpp_client:_reconnect:139 - Reconnect attempt failed: Could not connect to C++ backend at ws://localhost:9000/: [WinError 1225] 远程计算机拒绝网络连接。
2026-04-28 11:18:10.626 | INFO     | cpp_client:_reconnect:130 - Reconnecting to C++ backend in 3.0s …
2026-04-28 11:18:13.627 | INFO     | cpp_client:_do_connect:94 - Connecting to C++ backend at ws://localhost:9000/
2026-04-28 11:18:18.170 | INFO     | cpp_client:_do_connect:94 - Connecting to C++ backend at ws://localhost:9000/
2026-04-28 11:18:22.207 | WARNING  | cpp_client:_reconnect:139 - Reconnect attempt failed: Could not connect to C++ backend at ws://localhost:9000/: [WinError 1225] 远程计算机拒绝网络连接。
2026-04-28 11:18:22.207 | INFO     | cpp_client:_reconnect:130 - Reconnecting to C++ backend in 3.0s …
2026-04-28 11:18:25.216 | INFO     | cpp_client:_do_connect:94 - Connecting to C++ backend at ws://localhost:9000/
2026-04-28 11:18:29.800 | INFO     | cpp_client:_do_connect:94 - Connecting to C++ backend at ws://localhost:9000/
2026-04-28 11:18:33.857 | WARNING  | cpp_client:_reconnect:139 - Reconnect attempt failed: Could not connect to C++ backend at ws://localhost:9000/: [WinError 1225] 远程计算机拒绝网络连接。
2026-04-28 11:18:33.857 | INFO     | cpp_client:_reconnect:130 - Reconnecting to C++ backend in 3.0s …
2026-04-28 11:18:36.860 | INFO     | cpp_client:_do_connect:94 - Connecting to C++ backend at ws://localhost:9000/
2026-04-28 11:18:41.421 | INFO     | cpp_client:_do_connect:94 - Connecting to C++ backend at ws://localhost:9000/
2026-04-28 11:18:45.492 | WARNING  | cpp_client:_reconnect:139 - Reconnect attempt failed: Could not connect to C++ backend at ws://localhost:9000/: [WinError 1225] 远程计算机拒绝网络连接。
2026-04-28 11:18:45.492 | INFO     | cpp_client:_reconnect:130 - Reconnecting to C++ backend in 3.0s …
2026-04-28 11:18:48.506 | INFO     | cpp_client:_do_connect:94 - Connecting to C++ backend at ws://localhost:9000/
2026-04-28 11:18:53.066 | INFO     | cpp_client:_do_connect:94 - Connecting to C++ backend at ws://localhost:9000/
2026-04-28 11:18:57.132 | WARNING  | cpp_client:_reconnect:139 - Reconnect attempt failed: Could not connect to C++ backend at ws://localhost:9000/: [WinError 1225] 远程计算机拒绝网络连接。
2026-04-28 11:18:57.132 | INFO     | cpp_client:_reconnect:130 - Reconnecting to C++ backend in 3.0s …
2026-04-28 11:19:00.136 | INFO     | cpp_client:_do_connect:94 - Connecting to C++ backend at ws://localhost:9000/
2026-04-28 11:19:04.731 | INFO     | cpp_client:_do_connect:94 - Connecting to C++ backend at ws://localhost:9000/
2026-04-28 11:19:08.807 | WARNING  | cpp_client:_reconnect:139 - Reconnect attempt failed: Could not connect to C++ backend at ws://localhost:9000/: [WinError 1225] 远程计算机拒绝网络连接。
2026-04-28 11:19:08.807 | INFO     | cpp_client:_reconnect:130 - Reconnecting to C++ backend in 3.0s …
2026-04-28 11:19:11.806 | INFO     | cpp_client:_do_connect:94 - Connecting to C++ backend at ws://localhost:9000/
2026-04-28 11:19:16.371 | INFO     | cpp_client:_do_connect:94 - Connecting to C++ backend at ws://localhost:9000/
2026-04-28 11:19:20.403 | WARNING  | cpp_client:_reconnect:139 - Reconnect attempt failed: Could not connect to C++ backend at ws://localhost:9000/: [WinError 1225] 远程计算机拒绝网络连接。
2026-04-28 11:19:20.403 | INFO     | cpp_client:_reconnect:130 - Reconnecting to C++ backend in 3.0s …
2026-04-28 11:19:23.404 | INFO     | cpp_client:_do_connect:94 - Connecting to C++ backend at ws://localhost:9000/
2026-04-28 11:19:27.955 | INFO     | cpp_client:_do_connect:94 - Connecting to C++ backend at ws://localhost:9000/
2026-04-28 11:19:31.998 | WARNING  | cpp_client:_reconnect:139 - Reconnect attempt failed: Could not connect to C++ backend at ws://localhost:9000/: [WinError 1225] 远程计算机拒绝网络连接。
2026-04-28 11:19:31.998 | INFO     | cpp_client:_reconnect:130 - Reconnecting to C++ backend in 3.0s …
2026-04-28 11:19:35.000 | INFO     | cpp_client:_do_connect:94 - Connecting to C++ backend at ws://localhost:9000/
2026-04-28 11:19:39.554 | INFO     | cpp_client:_do_connect:94 - Connecting to C++ backend at ws://localhost:9000/
2026-04-28 11:19:43.604 | WARNING  | cpp_client:_reconnect:139 - Reconnect attempt failed: Could not connect to C++ backend at ws://localhost:9000/: [WinError 1225] 远程计算机拒绝网络连接。
2026-04-28 11:19:43.604 | INFO     | cpp_client:_reconnect:130 - Reconnecting to C++ backend in 3.0s …
2026-04-28 11:19:46.620 | INFO     | cpp_client:_do_connect:94 - Connecting to C++ backend at ws://localhost:9000/
2026-04-28 11:19:51.174 | INFO     | cpp_client:_do_connect:94 - Connecting to C++ backend at ws://localhost:9000/
2026-04-28 11:19:55.220 | WARNING  | cpp_client:_reconnect:139 - Reconnect attempt failed: Could not connect to C++ backend at ws://localhost:9000/: [WinError 1225] 远程计算机拒绝网络连接。
2026-04-28 11:19:55.220 | INFO     | cpp_client:_reconnect:130 - Reconnecting to C++ backend in 3.0s …
2026-04-28 11:19:58.231 | INFO     | cpp_client:_do_connect:94 - Connecting to C++ backend at ws://localhost:9000/
2026-04-28 11:20:02.779 | INFO     | cpp_client:_do_connect:94 - Connecting to C++ backend at ws://localhost:9000/
2026-04-28 11:20:06.818 | WARNING  | cpp_client:_reconnect:139 - Reconnect attempt failed: Could not connect to C++ backend at ws://localhost:9000/: [WinError 1225] 远程计算机拒绝网络连接。
2026-04-28 11:20:06.818 | INFO     | cpp_client:_reconnect:130 - Reconnecting to C++ backend in 3.0s …
2026-04-28 11:20:09.833 | INFO     | cpp_client:_do_connect:94 - Connecting to C++ backend at ws://localhost:9000/
2026-04-28 11:20:14.387 | INFO     | cpp_client:_do_connect:94 - Connecting to C++ backend at ws://localhost:9000/
2026-04-28 11:20:18.441 | WARNING  | cpp_client:_reconnect:139 - Reconnect attempt failed: Could not connect to C++ backend at ws://localhost:9000/: [WinError 1225] 远程计算机拒绝网络连接。
2026-04-28 11:20:18.441 | INFO     | cpp_client:_reconnect:130 - Reconnecting to C++ backend in 3.0s …
2026-04-28 11:20:21.443 | INFO     | cpp_client:_do_connect:94 - Connecting to C++ backend at ws://localhost:9000/
2026-04-28 11:20:25.505 | INFO     | cpp_client:_do_connect:111 - Connected to C++ backend
2026-04-28 11:20:25.506 | INFO     | cpp_client:_reconnect:136 - Reconnected to C++ backend
2026-04-28 11:20:46.593 | WARNING  | cpp_client:_receive_loop:120 - C++ backend connection closed: no close frame received or sent
2026-04-28 11:20:46.593 | INFO     | cpp_client:_reconnect:130 - Reconnecting to C++ backend in 3.0s …
2026-04-28 11:20:49.597 | INFO     | cpp_client:_do_connect:94 - Connecting to C++ backend at ws://localhost:9000/
2026-04-28 11:20:53.168 | INFO     | cpp_client:_do_connect:111 - Connected to C++ backend
2026-04-28 11:20:53.168 | INFO     | cpp_client:_reconnect:136 - Reconnected to C++ backend
2026-04-28 11:20:57.603 | WARNING  | cpp_client:_receive_loop:120 - C++ backend connection closed: no close frame received or sent
2026-04-28 11:20:57.604 | INFO     | cpp_client:_reconnect:130 - Reconnecting to C++ backend in 3.0s …
2026-04-28 11:21:00.615 | INFO     | cpp_client:_do_connect:94 - Connecting to C++ backend at ws://localhost:9000/
2026-04-28 11:21:05.203 | INFO     | cpp_client:_do_connect:94 - Connecting to C++ backend at ws://localhost:9000/
2026-04-28 11:21:09.255 | WARNING  | cpp_client:_reconnect:139 - Reconnect attempt failed: Could not connect to C++ backend at ws://localhost:9000/: [WinError 1225] 远程计算机拒绝网络连接。
2026-04-28 11:21:09.255 | INFO     | cpp_client:_reconnect:130 - Reconnecting to C++ backend in 3.0s …
2026-04-28 11:21:12.264 | INFO     | cpp_client:_do_connect:94 - Connecting to C++ backend at ws://localhost:9000/
2026-04-28 11:21:16.828 | INFO     | cpp_client:_do_connect:94 - Connecting to C++ backend at ws://localhost:9000/
2026-04-28 11:21:20.878 | WARNING  | cpp_client:_reconnect:139 - Reconnect attempt failed: Could not connect to C++ backend at ws://localhost:9000/: [WinError 1225] 远程计算机拒绝网络连接。
2026-04-28 11:21:20.878 | INFO     | cpp_client:_reconnect:130 - Reconnecting to C++ backend in 3.0s …
2026-04-28 11:21:23.888 | INFO     | cpp_client:_do_connect:94 - Connecting to C++ backend at ws://localhost:9000/
2026-04-28 11:21:28.465 | INFO     | cpp_client:_do_connect:94 - Connecting to C++ backend at ws://localhost:9000/
2026-04-28 11:21:32.555 | WARNING  | cpp_client:_reconnect:139 - Reconnect attempt failed: Could not connect to C++ backend at ws://localhost:9000/: [WinError 1225] 远程计算机拒绝网络连接。
2026-04-28 11:21:32.555 | INFO     | cpp_client:_reconnect:130 - Reconnecting to C++ backend in 3.0s …
2026-04-28 11:21:35.565 | INFO     | cpp_client:_do_connect:94 - Connecting to C++ backend at ws://localhost:9000/
2026-04-28 11:21:40.143 | INFO     | cpp_client:_do_connect:94 - Connecting to C++ backend at ws://localhost:9000/
2026-04-28 11:21:44.202 | WARNING  | cpp_client:_reconnect:139 - Reconnect attempt failed: Could not connect to C++ backend at ws://localhost:9000/: [WinError 1225] 远程计算机拒绝网络连接。
2026-04-28 11:21:44.202 | INFO     | cpp_client:_reconnect:130 - Reconnecting to C++ backend in 3.0s …
2026-04-28 11:21:47.206 | INFO     | cpp_client:_do_connect:94 - Connecting to C++ backend at ws://localhost:9000/
2026-04-28 11:21:51.768 | INFO     | cpp_client:_do_connect:94 - Connecting to C++ backend at ws://localhost:9000/
2026-04-28 11:21:55.829 | WARNING  | cpp_client:_reconnect:139 - Reconnect attempt failed: Could not connect to C++ backend at ws://localhost:9000/: [WinError 1225] 远程计算机拒绝网络连接。
2026-04-28 11:21:55.829 | INFO     | cpp_client:_reconnect:130 - Reconnecting to C++ backend in 3.0s …
2026-04-28 11:21:58.836 | INFO     | cpp_client:_do_connect:94 - Connecting to C++ backend at ws://localhost:9000/
2026-04-28 11:22:03.400 | INFO     | cpp_client:_do_connect:94 - Connecting to C++ backend at ws://localhost:9000/
2026-04-28 11:22:07.471 | WARNING  | cpp_client:_reconnect:139 - Reconnect attempt failed: Could not connect to C++ backend at ws://localhost:9000/: [WinError 1225] 远程计算机拒绝网络连接。
2026-04-28 11:22:07.473 | INFO     | cpp_client:_reconnect:130 - Reconnecting to C++ backend in 3.0s …
2026-04-28 11:22:10.481 | INFO     | cpp_client:_do_connect:94 - Connecting to C++ backend at ws://localhost:9000/
2026-04-28 11:22:15.062 | INFO     | cpp_client:_do_connect:94 - Connecting to C++ backend at ws://localhost:9000/
2026-04-28 11:22:19.116 | WARNING  | cpp_client:_reconnect:139 - Reconnect attempt failed: Could not connect to C++ backend at ws://localhost:9000/: [WinError 1225] 远程计算机拒绝网络连接。
2026-04-28 11:22:19.116 | INFO     | cpp_client:_reconnect:130 - Reconnecting to C++ backend in 3.0s …
2026-04-28 11:22:22.116 | INFO     | cpp_client:_do_connect:94 - Connecting to C++ backend at ws://localhost:9000/
2026-04-28 11:22:26.680 | INFO     | cpp_client:_do_connect:94 - Connecting to C++ backend at ws://localhost:9000/
2026-04-28 11:22:30.776 | WARNING  | cpp_client:_reconnect:139 - Reconnect attempt failed: Could not connect to C++ backend at ws://localhost:9000/: [WinError 1225] 远程计算机拒绝网络连接。
2026-04-28 11:22:30.776 | INFO     | cpp_client:_reconnect:130 - Reconnecting to C++ backend in 3.0s …
2026-04-28 11:22:33.783 | INFO     | cpp_client:_do_connect:94 - Connecting to C++ backend at ws://localhost:9000/
2026-04-28 11:22:38.347 | INFO     | cpp_client:_do_connect:94 - Connecting to C++ backend at ws://localhost:9000/
2026-04-28 11:22:42.413 | WARNING  | cpp_client:_reconnect:139 - Reconnect attempt failed: Could not connect to C++ backend at ws://localhost:9000/: [WinError 1225] 远程计算机拒绝网络连接。
2026-04-28 11:22:42.413 | INFO     | cpp_client:_reconnect:130 - Reconnecting to C++ backend in 3.0s …
2026-04-28 11:22:45.419 | INFO     | cpp_client:_do_connect:94 - Connecting to C++ backend at ws://localhost:9000/
2026-04-28 11:22:49.990 | INFO     | cpp_client:_do_connect:94 - Connecting to C++ backend at ws://localhost:9000/
2026-04-28 11:22:54.045 | WARNING  | cpp_client:_reconnect:139 - Reconnect attempt failed: Could not connect to C++ backend at ws://localhost:9000/: [WinError 1225] 远程计算机拒绝网络连接。
2026-04-28 11:22:54.045 | INFO     | cpp_client:_reconnect:130 - Reconnecting to C++ backend in 3.0s …
2026-04-28 11:22:57.056 | INFO     | cpp_client:_do_connect:94 - Connecting to C++ backend at ws://localhost:9000/
2026-04-28 11:23:01.624 | INFO     | cpp_client:_do_connect:94 - Connecting to C++ backend at ws://localhost:9000/
2026-04-28 11:23:05.678 | WARNING  | cpp_client:_reconnect:139 - Reconnect attempt failed: Could not connect to C++ backend at ws://localhost:9000/: [WinError 1225] 远程计算机拒绝网络连接。
2026-04-28 11:23:05.680 | INFO     | cpp_client:_reconnect:130 - Reconnecting to C++ backend in 3.0s …
2026-04-28 11:23:08.693 | INFO     | cpp_client:_do_connect:94 - Connecting to C++ backend at ws://localhost:9000/
2026-04-28 11:23:13.268 | INFO     | cpp_client:_do_connect:94 - Connecting to C++ backend at ws://localhost:9000/
2026-04-28 11:23:17.350 | WARNING  | cpp_client:_reconnect:139 - Reconnect attempt failed: Could not connect to C++ backend at ws://localhost:9000/: [WinError 1225] 远程计算机拒绝网络连接。
2026-04-28 11:23:17.350 | INFO     | cpp_client:_reconnect:130 - Reconnecting to C++ backend in 3.0s …
2026-04-28 11:23:20.363 | INFO     | cpp_client:_do_connect:94 - Connecting to C++ backend at ws://localhost:9000/
2026-04-28 11:23:24.964 | INFO     | cpp_client:_do_connect:94 - Connecting to C++ backend at ws://localhost:9000/
2026-04-28 11:23:29.053 | WARNING  | cpp_client:_reconnect:139 - Reconnect attempt failed: Could not connect to C++ backend at ws://localhost:9000/: [WinError 1225] 远程计算机拒绝网络连接。
2026-04-28 11:23:29.053 | INFO     | cpp_client:_reconnect:130 - Reconnecting to C++ backend in 3.0s …
2026-04-28 11:23:32.057 | INFO     | cpp_client:_do_connect:94 - Connecting to C++ backend at ws://localhost:9000/
2026-04-28 11:23:36.632 | INFO     | cpp_client:_do_connect:94 - Connecting to C++ backend at ws://localhost:9000/
2026-04-28 11:23:40.725 | WARNING  | cpp_client:_reconnect:139 - Reconnect attempt failed: Could not connect to C++ backend at ws://localhost:9000/: [WinError 1225] 远程计算机拒绝网络连接。
2026-04-28 11:23:40.725 | INFO     | cpp_client:_reconnect:130 - Reconnecting to C++ backend in 3.0s …
2026-04-28 11:23:43.728 | INFO     | cpp_client:_do_connect:94 - Connecting to C++ backend at ws://localhost:9000/
2026-04-28 11:23:48.300 | INFO     | cpp_client:_do_connect:94 - Connecting to C++ backend at ws://localhost:9000/
2026-04-28 11:23:52.377 | WARNING  | cpp_client:_reconnect:139 - Reconnect attempt failed: Could not connect to C++ backend at ws://localhost:9000/: [WinError 1225] 远程计算机拒绝网络连接。
2026-04-28 11:23:52.377 | INFO     | cpp_client:_reconnect:130 - Reconnecting to C++ backend in 3.0s …
2026-04-28 11:23:55.392 | INFO     | cpp_client:_do_connect:94 - Connecting to C++ backend at ws://localhost:9000/
2026-04-28 11:23:59.973 | INFO     | cpp_client:_do_connect:94 - Connecting to C++ backend at ws://localhost:9000/
2026-04-28 11:24:04.051 | WARNING  | cpp_client:_reconnect:139 - Reconnect attempt failed: Could not connect to C++ backend at ws://localhost:9000/: [WinError 1225] 远程计算机拒绝网络连接。
2026-04-28 11:24:04.051 | INFO     | cpp_client:_reconnect:130 - Reconnecting to C++ backend in 3.0s …
2026-04-28 11:24:07.066 | INFO     | cpp_client:_do_connect:94 - Connecting to C++ backend at ws://localhost:9000/
2026-04-28 11:24:11.641 | INFO     | cpp_client:_do_connect:94 - Connecting to C++ backend at ws://localhost:9000/
2026-04-28 11:24:15.703 | WARNING  | cpp_client:_reconnect:139 - Reconnect attempt failed: Could not connect to C++ backend at ws://localhost:9000/: [WinError 1225] 远程计算机拒绝网络连接。
2026-04-28 11:24:15.703 | INFO     | cpp_client:_reconnect:130 - Reconnecting to C++ backend in 3.0s …
2026-04-28 11:24:18.718 | INFO     | cpp_client:_do_connect:94 - Connecting to C++ backend at ws://localhost:9000/
2026-04-28 11:24:23.305 | INFO     | cpp_client:_do_connect:94 - Connecting to C++ backend at ws://localhost:9000/
2026-04-28 11:24:27.363 | WARNING  | cpp_client:_reconnect:139 - Reconnect attempt failed: Could not connect to C++ backend at ws://localhost:9000/: [WinError 1225] 远程计算机拒绝网络连接。
2026-04-28 11:24:27.363 | INFO     | cpp_client:_reconnect:130 - Reconnecting to C++ backend in 3.0s …
2026-04-28 11:24:30.375 | INFO     | cpp_client:_do_connect:94 - Connecting to C++ backend at ws://localhost:9000/
2026-04-28 11:24:34.952 | INFO     | cpp_client:_do_connect:94 - Connecting to C++ backend at ws://localhost:9000/
2026-04-28 11:24:39.029 | WARNING  | cpp_client:_reconnect:139 - Reconnect attempt failed: Could not connect to C++ backend at ws://localhost:9000/: [WinError 1225] 远程计算机拒绝网络连接。
2026-04-28 11:24:39.031 | INFO     | cpp_client:_reconnect:130 - Reconnecting to C++ backend in 3.0s …
2026-04-28 11:24:42.034 | INFO     | cpp_client:_do_connect:94 - Connecting to C++ backend at ws://localhost:9000/
2026-04-28 11:24:46.634 | INFO     | cpp_client:_do_connect:94 - Connecting to C++ backend at ws://localhost:9000/
2026-04-28 11:24:50.719 | WARNING  | cpp_client:_reconnect:139 - Reconnect attempt failed: Could not connect to C++ backend at ws://localhost:9000/: [WinError 1225] 远程计算机拒绝网络连接。
2026-04-28 11:24:50.720 | INFO     | cpp_client:_reconnect:130 - Reconnecting to C++ backend in 3.0s …
2026-04-28 11:24:53.725 | INFO     | cpp_client:_do_connect:94 - Connecting to C++ backend at ws://localhost:9000/
2026-04-28 11:24:58.298 | INFO     | cpp_client:_do_connect:94 - Connecting to C++ backend at ws://localhost:9000/
2026-04-28 11:25:02.387 | WARNING  | cpp_client:_reconnect:139 - Reconnect attempt failed: Could not connect to C++ backend at ws://localhost:9000/: [WinError 1225] 远程计算机拒绝网络连接。
2026-04-28 11:25:02.388 | INFO     | cpp_client:_reconnect:130 - Reconnecting to C++ backend in 3.0s …
2026-04-28 11:25:05.391 | INFO     | cpp_client:_do_connect:94 - Connecting to C++ backend at ws://localhost:9000/
2026-04-28 11:25:09.959 | INFO     | cpp_client:_do_connect:94 - Connecting to C++ backend at ws://localhost:9000/
2026-04-28 11:25:14.005 | WARNING  | cpp_client:_reconnect:139 - Reconnect attempt failed: Could not connect to C++ backend at ws://localhost:9000/: [WinError 1225] 远程计算机拒绝网络连接。
2026-04-28 11:25:14.005 | INFO     | cpp_client:_reconnect:130 - Reconnecting to C++ backend in 3.0s …
2026-04-28 11:25:17.011 | INFO     | cpp_client:_do_connect:94 - Connecting to C++ backend at ws://localhost:9000/
2026-04-28 11:25:21.562 | INFO     | cpp_client:_do_connect:94 - Connecting to C++ backend at ws://localhost:9000/
2026-04-28 11:25:25.642 | WARNING  | cpp_client:_reconnect:139 - Reconnect attempt failed: Could not connect to C++ backend at ws://localhost:9000/: [WinError 1225] 远程计算机拒绝网络连接。
2026-04-28 11:25:25.642 | INFO     | cpp_client:_reconnect:130 - Reconnecting to C++ backend in 3.0s …
2026-04-28 11:25:28.645 | INFO     | cpp_client:_do_connect:94 - Connecting to C++ backend at ws://localhost:9000/
2026-04-28 11:25:33.221 | INFO     | cpp_client:_do_connect:94 - Connecting to C++ backend at ws://localhost:9000/
2026-04-28 11:25:37.266 | WARNING  | cpp_client:_reconnect:139 - Reconnect attempt failed: Could not connect to C++ backend at ws://localhost:9000/: [WinError 1225] 远程计算机拒绝网络连接。
2026-04-28 11:25:37.266 | INFO     | cpp_client:_reconnect:130 - Reconnecting to C++ backend in 3.0s …
2026-04-28 11:25:40.272 | INFO     | cpp_client:_do_connect:94 - Connecting to C++ backend at ws://localhost:9000/
2026-04-28 11:25:44.814 | INFO     | cpp_client:_do_connect:94 - Connecting to C++ backend at ws://localhost:9000/
2026-04-28 11:25:47.857 | INFO     | cpp_client:_do_connect:111 - Connected to C++ backend
2026-04-28 11:25:47.857 | INFO     | cpp_client:_reconnect:136 - Reconnected to C++ backend
2026-04-28 11:25:55.432 | WARNING  | cpp_client:_receive_loop:120 - C++ backend connection closed: no close frame received or sent
2026-04-28 11:25:55.434 | INFO     | cpp_client:_reconnect:130 - Reconnecting to C++ backend in 3.0s …
2026-04-28 11:25:58.436 | INFO     | cpp_client:_do_connect:94 - Connecting to C++ backend at ws://localhost:9000/
2026-04-28 11:26:02.989 | INFO     | cpp_client:_do_connect:94 - Connecting to C++ backend at ws://localhost:9000/
2026-04-28 11:26:07.093 | WARNING  | cpp_client:_reconnect:139 - Reconnect attempt failed: Could not connect to C++ backend at ws://localhost:9000/: [WinError 1225] 远程计算机拒绝网络连接。
2026-04-28 11:26:07.094 | INFO     | cpp_client:_reconnect:130 - Reconnecting to C++ backend in 3.0s …
2026-04-28 11:26:10.101 | INFO     | cpp_client:_do_connect:94 - Connecting to C++ backend at ws://localhost:9000/
2026-04-28 11:26:13.159 | INFO     | cpp_client:_do_connect:111 - Connected to C++ backend
2026-04-28 11:26:13.160 | INFO     | cpp_client:_reconnect:136 - Reconnected to C++ backend
2026-04-28 11:26:16.060 | WARNING  | cpp_client:_receive_loop:120 - C++ backend connection closed: no close frame received or sent
2026-04-28 11:26:16.060 | INFO     | cpp_client:_reconnect:130 - Reconnecting to C++ backend in 3.0s …
2026-04-28 11:26:19.074 | INFO     | cpp_client:_do_connect:94 - Connecting to C++ backend at ws://localhost:9000/
2026-04-28 11:26:23.634 | INFO     | cpp_client:_do_connect:94 - Connecting to C++ backend at ws://localhost:9000/
2026-04-28 11:26:27.692 | WARNING  | cpp_client:_reconnect:139 - Reconnect attempt failed: Could not connect to C++ backend at ws://localhost:9000/: [WinError 1225] 远程计算机拒绝网络连接。
2026-04-28 11:26:27.693 | INFO     | cpp_client:_reconnect:130 - Reconnecting to C++ backend in 3.0s …
2026-04-28 11:26:30.696 | INFO     | cpp_client:_do_connect:94 - Connecting to C++ backend at ws://localhost:9000/
2026-04-28 11:26:35.275 | INFO     | cpp_client:_do_connect:94 - Connecting to C++ backend at ws://localhost:9000/
2026-04-28 11:26:39.335 | WARNING  | cpp_client:_reconnect:139 - Reconnect attempt failed: Could not connect to C++ backend at ws://localhost:9000/: [WinError 1225] 远程计算机拒绝网络连接。
2026-04-28 11:26:39.335 | INFO     | cpp_client:_reconnect:130 - Reconnecting to C++ backend in 3.0s …
2026-04-28 11:26:42.349 | INFO     | cpp_client:_do_connect:94 - Connecting to C++ backend at ws://localhost:9000/
2026-04-28 11:26:46.911 | INFO     | cpp_client:_do_connect:94 - Connecting to C++ backend at ws://localhost:9000/
2026-04-28 11:26:50.977 | WARNING  | cpp_client:_reconnect:139 - Reconnect attempt failed: Could not connect to C++ backend at ws://localhost:9000/: [WinError 1225] 远程计算机拒绝网络连接。
2026-04-28 11:26:50.978 | INFO     | cpp_client:_reconnect:130 - Reconnecting to C++ backend in 3.0s …
2026-04-28 11:26:53.983 | INFO     | cpp_client:_do_connect:94 - Connecting to C++ backend at ws://localhost:9000/
2026-04-28 11:26:58.543 | INFO     | cpp_client:_do_connect:94 - Connecting to C++ backend at ws://localhost:9000/
2026-04-28 11:27:02.600 | WARNING  | cpp_client:_reconnect:139 - Reconnect attempt failed: Could not connect to C++ backend at ws://localhost:9000/: [WinError 1225] 远程计算机拒绝网络连接。
2026-04-28 11:27:02.602 | INFO     | cpp_client:_reconnect:130 - Reconnecting to C++ backend in 3.0s …
2026-04-28 11:27:05.606 | INFO     | cpp_client:_do_connect:94 - Connecting to C++ backend at ws://localhost:9000/
2026-04-28 11:27:10.171 | INFO     | cpp_client:_do_connect:94 - Connecting to C++ backend at ws://localhost:9000/
2026-04-28 11:27:14.222 | WARNING  | cpp_client:_reconnect:139 - Reconnect attempt failed: Could not connect to C++ backend at ws://localhost:9000/: [WinError 1225] 远程计算机拒绝网络连接。
2026-04-28 11:27:14.222 | INFO     | cpp_client:_reconnect:130 - Reconnecting to C++ backend in 3.0s …
2026-04-28 11:27:17.230 | INFO     | cpp_client:_do_connect:94 - Connecting to C++ backend at ws://localhost:9000/
2026-04-28 11:27:21.819 | INFO     | cpp_client:_do_connect:94 - Connecting to C++ backend at ws://localhost:9000/
2026-04-28 11:27:25.857 | WARNING  | cpp_client:_reconnect:139 - Reconnect attempt failed: Could not connect to C++ backend at ws://localhost:9000/: [WinError 1225] 远程计算机拒绝网络连接。
2026-04-28 11:27:25.857 | INFO     | cpp_client:_reconnect:130 - Reconnecting to C++ backend in 3.0s …
2026-04-28 11:27:28.864 | INFO     | cpp_client:_do_connect:94 - Connecting to C++ backend at ws://localhost:9000/
2026-04-28 11:27:33.419 | INFO     | cpp_client:_do_connect:94 - Connecting to C++ backend at ws://localhost:9000/
2026-04-28 11:27:37.467 | WARNING  | cpp_client:_reconnect:139 - Reconnect attempt failed: Could not connect to C++ backend at ws://localhost:9000/: [WinError 1225] 远程计算机拒绝网络连接。
2026-04-28 11:27:37.467 | INFO     | cpp_client:_reconnect:130 - Reconnecting to C++ backend in 3.0s …
2026-04-28 11:27:40.468 | INFO     | cpp_client:_do_connect:94 - Connecting to C++ backend at ws://localhost:9000/
2026-04-28 11:27:42.525 | INFO     | cpp_client:_do_connect:111 - Connected to C++ backend
2026-04-28 11:27:42.525 | INFO     | cpp_client:_reconnect:136 - Reconnected to C++ backend
2026-04-28 11:27:42.526 | WARNING  | cpp_client:_receive_loop:120 - C++ backend connection closed: sent 1002 (protocol error) invalid status code; no close frame received
2026-04-28 11:27:42.526 | INFO     | cpp_client:_reconnect:130 - Reconnecting to C++ backend in 3.0s …
2026-04-28 11:27:45.532 | INFO     | cpp_client:_do_connect:94 - Connecting to C++ backend at ws://localhost:9000/
2026-04-28 11:27:47.576 | INFO     | cpp_client:_do_connect:111 - Connected to C++ backend
2026-04-28 11:27:47.576 | INFO     | cpp_client:_reconnect:136 - Reconnected to C++ backend
2026-04-28 11:27:47.577 | WARNING  | cpp_client:_receive_loop:120 - C++ backend connection closed: sent 1002 (protocol error) invalid status code; no close frame received
2026-04-28 11:27:47.577 | INFO     | cpp_client:_reconnect:130 - Reconnecting to C++ backend in 3.0s …
2026-04-28 11:27:50.590 | INFO     | cpp_client:_do_connect:94 - Connecting to C++ backend at ws://localhost:9000/
2026-04-28 11:27:52.645 | INFO     | cpp_client:_do_connect:111 - Connected to C++ backend
2026-04-28 11:27:52.645 | INFO     | cpp_client:_reconnect:136 - Reconnected to C++ backend
2026-04-28 11:27:52.645 | WARNING  | cpp_client:_receive_loop:120 - C++ backend connection closed: sent 1002 (protocol error) invalid status code; no close frame received
2026-04-28 11:27:52.645 | INFO     | cpp_client:_reconnect:130 - Reconnecting to C++ backend in 3.0s …
2026-04-28 11:27:55.654 | INFO     | cpp_client:_do_connect:94 - Connecting to C++ backend at ws://localhost:9000/
2026-04-28 11:27:57.714 | INFO     | cpp_client:_do_connect:111 - Connected to C++ backend
2026-04-28 11:27:57.715 | INFO     | cpp_client:_reconnect:136 - Reconnected to C++ backend
2026-04-28 11:27:57.715 | WARNING  | cpp_client:_receive_loop:120 - C++ backend connection closed: sent 1002 (protocol error) invalid status code; no close frame received
2026-04-28 11:27:57.716 | INFO     | cpp_client:_reconnect:130 - Reconnecting to C++ backend in 3.0s …
2026-04-28 11:28:00.728 | INFO     | cpp_client:_do_connect:94 - Connecting to C++ backend at ws://localhost:9000/
2026-04-28 11:28:02.772 | INFO     | cpp_client:_do_connect:111 - Connected to C++ backend
2026-04-28 11:28:02.773 | INFO     | cpp_client:_reconnect:136 - Reconnected to C++ backend
2026-04-28 11:28:02.773 | WARNING  | cpp_client:_receive_loop:120 - C++ backend connection closed: sent 1002 (protocol error) invalid status code; no close frame received
2026-04-28 11:28:02.773 | INFO     | cpp_client:_reconnect:130 - Reconnecting to C++ backend in 3.0s …
2026-04-28 11:28:05.779 | INFO     | cpp_client:_do_connect:94 - Connecting to C++ backend at ws://localhost:9000/
2026-04-28 11:28:07.812 | INFO     | cpp_client:_do_connect:111 - Connected to C++ backend
2026-04-28 11:28:07.812 | INFO     | cpp_client:_reconnect:136 - Reconnected to C++ backend
2026-04-28 11:28:07.812 | WARNING  | cpp_client:_receive_loop:120 - C++ backend connection closed: sent 1002 (protocol error) invalid status code; no close frame received
2026-04-28 11:28:07.812 | INFO     | cpp_client:_reconnect:130 - Reconnecting to C++ backend in 3.0s …
2026-04-28 11:28:10.807 | INFO     | cpp_client:_do_connect:94 - Connecting to C++ backend at ws://localhost:9000/
2026-04-28 11:28:12.852 | INFO     | cpp_client:_do_connect:111 - Connected to C++ backend
2026-04-28 11:28:12.852 | INFO     | cpp_client:_reconnect:136 - Reconnected to C++ backend
2026-04-28 11:28:12.852 | WARNING  | cpp_client:_receive_loop:120 - C++ backend connection closed: sent 1002 (protocol error) invalid status code; no close frame received
2026-04-28 11:28:12.852 | INFO     | cpp_client:_reconnect:130 - Reconnecting to C++ backend in 3.0s …
2026-04-28 11:28:15.864 | INFO     | cpp_client:_do_connect:94 - Connecting to C++ backend at ws://localhost:9000/
2026-04-28 11:28:20.409 | INFO     | cpp_client:_do_connect:94 - Connecting to C++ backend at ws://localhost:9000/
2026-04-28 11:28:24.463 | WARNING  | cpp_client:_reconnect:139 - Reconnect attempt failed: Could not connect to C++ backend at ws://localhost:9000/: [WinError 1225] 远程计算机拒绝网络连接。
2026-04-28 11:28:24.463 | INFO     | cpp_client:_reconnect:130 - Reconnecting to C++ backend in 3.0s …
2026-04-28 11:28:27.473 | INFO     | cpp_client:_do_connect:94 - Connecting to C++ backend at ws://localhost:9000/
2026-04-28 11:28:32.042 | INFO     | cpp_client:_do_connect:94 - Connecting to C++ backend at ws://localhost:9000/
2026-04-28 11:28:36.110 | WARNING  | cpp_client:_reconnect:139 - Reconnect attempt failed: Could not connect to C++ backend at ws://localhost:9000/: [WinError 1225] 远程计算机拒绝网络连接。
2026-04-28 11:28:36.110 | INFO     | cpp_client:_reconnect:130 - Reconnecting to C++ backend in 3.0s …
2026-04-28 11:28:39.114 | INFO     | cpp_client:_do_connect:94 - Connecting to C++ backend at ws://localhost:9000/
2026-04-28 11:28:43.677 | INFO     | cpp_client:_do_connect:94 - Connecting to C++ backend at ws://localhost:9000/
2026-04-28 11:28:47.710 | WARNING  | cpp_client:_reconnect:139 - Reconnect attempt failed: Could not connect to C++ backend at ws://localhost:9000/: [WinError 1225] 远程计算机拒绝网络连接。
2026-04-28 11:28:47.710 | INFO     | cpp_client:_reconnect:130 - Reconnecting to C++ backend in 3.0s …
2026-04-28 11:28:50.723 | INFO     | cpp_client:_do_connect:94 - Connecting to C++ backend at ws://localhost:9000/
2026-04-28 11:28:55.297 | INFO     | cpp_client:_do_connect:94 - Connecting to C++ backend at ws://localhost:9000/
2026-04-28 11:28:59.373 | WARNING  | cpp_client:_reconnect:139 - Reconnect attempt failed: Could not connect to C++ backend at ws://localhost:9000/: [WinError 1225] 远程计算机拒绝网络连接。
2026-04-28 11:28:59.373 | INFO     | cpp_client:_reconnect:130 - Reconnecting to C++ backend in 3.0s …
2026-04-28 11:29:02.388 | INFO     | cpp_client:_do_connect:94 - Connecting to C++ backend at ws://localhost:9000/
2026-04-28 11:29:06.964 | INFO     | cpp_client:_do_connect:94 - Connecting to C++ backend at ws://localhost:9000/
2026-04-28 11:29:11.027 | WARNING  | cpp_client:_reconnect:139 - Reconnect attempt failed: Could not connect to C++ backend at ws://localhost:9000/: [WinError 1225] 远程计算机拒绝网络连接。
2026-04-28 11:29:11.027 | INFO     | cpp_client:_reconnect:130 - Reconnecting to C++ backend in 3.0s …
2026-04-28 11:29:14.038 | INFO     | cpp_client:_do_connect:94 - Connecting to C++ backend at ws://localhost:9000/
2026-04-28 11:29:18.610 | INFO     | cpp_client:_do_connect:94 - Connecting to C++ backend at ws://localhost:9000/
2026-04-28 11:29:22.674 | WARNING  | cpp_client:_reconnect:139 - Reconnect attempt failed: Could not connect to C++ backend at ws://localhost:9000/: [WinError 1225] 远程计算机拒绝网络连接。
2026-04-28 11:29:22.674 | INFO     | cpp_client:_reconnect:130 - Reconnecting to C++ backend in 3.0s …
2026-04-28 11:29:25.685 | INFO     | cpp_client:_do_connect:94 - Connecting to C++ backend at ws://localhost:9000/
2026-04-28 11:29:30.274 | INFO     | cpp_client:_do_connect:94 - Connecting to C++ backend at ws://localhost:9000/
2026-04-28 11:29:34.314 | WARNING  | cpp_client:_reconnect:139 - Reconnect attempt failed: Could not connect to C++ backend at ws://localhost:9000/: [WinError 1225] 远程计算机拒绝网络连接。
2026-04-28 11:29:34.316 | INFO     | cpp_client:_reconnect:130 - Reconnecting to C++ backend in 3.0s …
2026-04-28 11:29:37.320 | INFO     | cpp_client:_do_connect:94 - Connecting to C++ backend at ws://localhost:9000/
2026-04-28 11:29:41.885 | INFO     | cpp_client:_do_connect:94 - Connecting to C++ backend at ws://localhost:9000/
2026-04-28 11:29:45.945 | WARNING  | cpp_client:_reconnect:139 - Reconnect attempt failed: Could not connect to C++ backend at ws://localhost:9000/: [WinError 1225] 远程计算机拒绝网络连接。
2026-04-28 11:29:45.945 | INFO     | cpp_client:_reconnect:130 - Reconnecting to C++ backend in 3.0s …
2026-04-28 11:29:48.950 | INFO     | cpp_client:_do_connect:94 - Connecting to C++ backend at ws://localhost:9000/
2026-04-28 11:29:53.514 | INFO     | cpp_client:_do_connect:94 - Connecting to C++ backend at ws://localhost:9000/
2026-04-28 11:29:57.563 | WARNING  | cpp_client:_reconnect:139 - Reconnect attempt failed: Could not connect to C++ backend at ws://localhost:9000/: [WinError 1225] 远程计算机拒绝网络连接。
2026-04-28 11:29:57.563 | INFO     | cpp_client:_reconnect:130 - Reconnecting to C++ backend in 3.0s …
2026-04-28 11:30:00.572 | INFO     | cpp_client:_do_connect:94 - Connecting to C++ backend at ws://localhost:9000/
2026-04-28 11:30:05.134 | INFO     | cpp_client:_do_connect:94 - Connecting to C++ backend at ws://localhost:9000/
